id,first_name,last_name,email,city,state,car_make,car_model,car_model_year,car_vin
1,Elsey,MacEnelly,emacenelly0@storify.com,Baton Rouge,Louisiana,Pontiac,Sunfire,2005,JN1AV7ARXFM870659
2,Web,Balmann,wbalmann1@un.org,Oklahoma City,Oklahoma,Hyundai,Accent,1998,4F2CY0C79BK404159
3,Abey,Bernardet,,Lakeland,Florida,Lexus,ES,1993,SCFFDAAE1CG604846
4,Adler,McGillecole,amcgillecole3@google.ru,Bethesda,Maryland,Buick,Rendezvous,2002,WAUVF78K39A869814
5,Ola,Sparry,osparry4@usgs.gov,Spokane,Washington,Nissan,Frontier,2001,1N6AA0CJ5DN998948
6,Nappie,Kytley,nkytley5@jugem.jp,Cincinnati,Ohio,Lamborghini,Gallardo,2011,WVWAP7AN1EE229042
7,Alysa,Jopp,ajopp6@webeden.co.uk,Boise,Idaho,Spyker,C8,2005,WBABN53452P450093
8,Bruce,Guillet,bguillet7@fema.gov,Tallahassee,Florida,Land Rover,Range Rover Sport,2007,1FMEU3DE6AU441345
9,Annabella,Yurov,ayurov8@ed.gov,Prescott,Arizona,Land Rover,Defender,1993,WBAVT73518F106735
10,Shane,Lemar,slemar9@hubpages.com,Des Moines,Iowa,Hyundai,Azera,2006,1GTN1TEX8CZ146236
11,Irene,Domenico,idomenicoa@flavors.me,Washington,District of Columbia,Suzuki,Swift,1997,WBSWL93568P548528
12,Richy,Clausius,rclausiusb@toplist.cz,Greensboro,North Carolina,Toyota,Tundra,2001,JN1AY1AR2DM444501
13,Terrel,Obin,tobinc@mapquest.com,Charlotte,North Carolina,Nissan,Sentra,1993,1D7RB1GT2BS183387
14,Pyotr,MacHostie,pmachostied@infoseek.co.jp,Sacramento,California,Toyota,Avalon,2006,WBABD33456P771225
15,Isiahi,Worviell,iworvielle@bloomberg.com,Daytona Beach,Florida,Oldsmobile,Silhouette,2004,WAUMF78K99N721171
16,Sherill,Kern,skernf@weebly.com,Salt Lake City,Utah,Lamborghini,Murciélago,2009,1G6KF54941U294626
17,Demott,Dollman,ddollmang@fda.gov,Monticello,Minnesota,Mazda,Protege,2001,JTHBL1EFXE5721115
18,Oswell,Pratton,oprattonh@t.co,Trenton,New Jersey,Pontiac,Bonneville,1996,2C4RDGBG0DR217056
19,Karim,Kerby,,Buffalo,New York,Chevrolet,Camaro,1997,JN1AV7AP9FM056436
20,Rachelle,Limbert,rlimbertj@tamu.edu,Atlanta,Georgia,Chevrolet,Express 3500,2009,3D4PG9FG3BT516235
21,Dav,Maffucci,dmaffuccik@marketwatch.com,Ocala,Florida,Aston Martin,DBS,2010,1N6AD0CU6BC409464
22,Sauncho,Bluck,sbluckl@hostgator.com,Spartanburg,South Carolina,Mercedes-Benz,SL-Class,1987,1G4HA5EM4BU112428
23,Maris,Carlet,mcarletm@mediafire.com,El Paso,Texas,Ford,Bronco,1990,JN1CV6EK6FM204639
24,Tatiania,Ruxton,truxtonn@sitemeter.com,Pittsburgh,Pennsylvania,Pontiac,Grand Prix,1980,1VWAH7A34EC273878
25,Joel,Coppenhall,,Lynchburg,Virginia,Dodge,Grand Caravan,1994,WVWAA7AH9BV957554
26,Lesley,By,,Dallas,Texas,Honda,Passport,1998,WAU2GAFC9EN227674
27,Erroll,Dooly,edoolyq@yelp.com,Tulsa,Oklahoma,Volkswagen,CC,2011,JH4DC53855S802626
28,Leta,Trillow,ltrillowr@bravesites.com,Vero Beach,Florida,Mitsubishi,Truck,1994,1G6DV1EP1C0527972
29,Lissa,Paten,lpatens@ed.gov,Lexington,Kentucky,Volvo,C30,2008,WAUKH78E78A892387
30,Sissie,Burtwistle,sburtwistlet@biblegateway.com,Erie,Pennsylvania,Mazda,MX-6,1988,JH4NA12683T241154
31,Krispin,Feveryear,kfeveryearu@ucsd.edu,Rochester,New York,Subaru,Impreza,2010,WAUVC68E94A298402
32,Jeniffer,Godman,jgodmanv@rakuten.co.jp,Omaha,Nebraska,Ford,Focus ST,2013,2C3CCABG1EH819336
33,Mikel,Cadagan,mcadaganw@meetup.com,Naples,Florida,Dodge,Ram 3500,2009,5J8TB4H79GL192836
34,Jennifer,Dunnaway,jdunnawayx@foxnews.com,Rockville,Maryland,Saab,9-2X,2005,JTDKN3DP8E3562480
35,Krissy,Dudley,,Buffalo,New York,GMC,Sonoma,2002,19XFA1F36AE664441
36,Deeann,Danniell,ddanniellz@github.io,New York City,New York,Subaru,Leone,1985,KMHHU6KJ2FU003432
37,Petronilla,Kybbye,pkybbye10@webmd.com,Topeka,Kansas,Ford,Contour,1995,WBAWV13517P457472
38,Web,Trahear,wtrahear11@ycombinator.com,Honolulu,Hawaii,Acura,Vigor,1994,2C3CCABG4EH670985
39,Jefferson,Bennetts,jbennetts12@prnewswire.com,Honolulu,Hawaii,Honda,Civic,1992,SALGR2VF1FA720495
40,Robinia,Wadwell,rwadwell13@joomla.org,Boston,Massachusetts,Scion,xB,2012,WAUUFAFH8DN899747
41,Ripley,Garratty,rgarratty14@utexas.edu,San Mateo,California,Dodge,Ram Van 2500,1999,JA32X2HU8CU264585
42,Vachel,Spray,vspray15@1und1.de,Houston,Texas,Honda,Fit,2009,WBAAV33401F115408
43,Pattie,Durak,pdurak16@about.com,Manassas,Virginia,Mazda,Mazda5,2010,5N1BA0NE7FN741246
44,Nancy,Challen,nchallen17@joomla.org,Miami,Florida,Dodge,Ram Van 2500,1998,WBANB33594B433574
45,Putnem,Pearsey,ppearsey18@free.fr,Las Vegas,Nevada,Oldsmobile,Bravada,2001,JN1AZ4EH6EM931170
46,Aime,Jeske,,Savannah,Georgia,Dodge,Ram 2500 Club,1995,WAUUL98E48A003810
47,Berni,Ericsson,,New York City,New York,Chrysler,Crossfire Roadster,2006,WAUUL98E86A290775
48,Denney,McKea,dmckea1b@sakura.ne.jp,Fort Lauderdale,Florida,Saab,900,1987,WAUMFBFL7DN791968
49,Leshia,Cowdroy,lcowdroy1c@cnn.com,Colorado Springs,Colorado,Nissan,Altima,2005,1GTN1TEX2BZ983076
50,Retha,Tamas,rtamas1d@dion.ne.jp,Worcester,Massachusetts,Suzuki,Equator,2012,1N4AA5AP7DC926075
51,Kennan,Shilleto,kshilleto1e@gravatar.com,Philadelphia,Pennsylvania,Jaguar,XF,2009,WBANE53557B352515
52,Stern,Dempster,sdempster1f@businessweek.com,Nashville,Tennessee,GMC,Vandura G3500,1995,1HGCP2F39AA508552
53,Alia,Lauritsen,alauritsen1g@columbia.edu,Cleveland,Ohio,Dodge,Daytona,1993,WAUBH78E28A399989
54,Chloette,Ferreras,cferreras1h@woothemes.com,New York City,New York,Mercedes-Benz,SLR McLaren,2005,5TDBY5G12ES111036
55,Mignon,Ollerearnshaw,mollerearnshaw1i@smh.com.au,Arlington,Virginia,Suzuki,Sidekick,1989,1N6AD0CU8AC124327
56,Merralee,Masarrat,,Houston,Texas,Maserati,GranSport,2006,1GTN1TEX8BZ614657
57,Lorna,Boutflour,lboutflour1k@is.gd,Lincoln,Nebraska,Chevrolet,Lumina,2000,WAUSGAFB4AN586500
58,Ignaz,Campe,icampe1l@aboutads.info,Scranton,Pennsylvania,GMC,Envoy XL,2003,WBSPM9C56AE883257
59,Jessica,Rowntree,jrowntree1m@google.nl,Sarasota,Florida,Volkswagen,Cabriolet,1992,TRUB3AFK7C1739207
60,Lorette,O'Moylan,lomoylan1n@thetimes.co.uk,Saint Cloud,Minnesota,Mercury,Tracer,1991,4T3BA3BB6CU354272
61,Gris,Cobbing,gcobbing1o@blinklist.com,Oklahoma City,Oklahoma,Honda,CR-V,2001,1N6AA0CH3EN270138
62,Tera,Colebourn,tcolebourn1p@stanford.edu,Ocala,Florida,Porsche,Boxster,1999,WAUMF78P56A053464
63,Revkah,Jeynes,,Suffolk,Virginia,Volvo,XC70,2011,1D7RE5GK0AS802671
64,Uriel,Phettiplace,uphettiplace1r@google.co.uk,Riverside,California,GMC,Sierra 1500,2010,5GAER13D59J491920
65,Missie,Finden,mfinden1s@free.fr,Salt Lake City,Utah,Mercury,Mariner,2006,WBAFR9C5XDC325283
66,Quentin,Sail,qsail1t@techcrunch.com,Green Bay,Wisconsin,Saab,9000,1992,WBSBL93445P427966
67,Reider,Caroll,rcaroll1u@lulu.com,Little Rock,Arkansas,Ford,Tempo,1987,5XXGM4A78CG925571
68,Glynda,Exell,gexell1v@wsj.com,Saint Louis,Missouri,Isuzu,Axiom,2003,JA32U2FU6EU460359
69,Antonino,Cacacie,acacacie1w@rediff.com,Montgomery,Alabama,Ford,F-Series,2003,WAUBFAFL9CA977258
70,Corey,Childrens,cchildrens1x@dmoz.org,Sacramento,California,Toyota,Camry,1995,1GD21ZCG9CZ604273
71,Stevy,Scarsbrook,sscarsbrook1y@fastcompany.com,Wichita,Kansas,Maserati,Quattroporte,2011,3G5DA03L06S143494
72,Ranee,Stirzaker,rstirzaker1z@wikispaces.com,New Orleans,Louisiana,Alfa Romeo,164,1995,WBA3F9C56FK778630
73,Charles,Wilfing,cwilfing20@hexun.com,Washington,District of Columbia,Bentley,Mulsanne,2012,2G61P5S33F9911736
74,Crissy,Chiswell,cchiswell21@posterous.com,Fairfield,Connecticut,Mazda,Protege,1994,4T3BK3BB1FU087074
75,Birdie,Kleinstein,bkleinstein22@vimeo.com,Fullerton,California,Suzuki,XL-7,2007,5N1AN0NW1DN686279
76,Kelcey,Stetson,kstetson23@newyorker.com,Brockton,Massachusetts,Audi,S4,2005,WDCYC3HF2CX850920
77,Nolly,Kobpa,nkobpa24@apple.com,Oklahoma City,Oklahoma,Toyota,Sequoia,2007,5J8TB3H55EL730910
78,Rita,Castleman,rcastleman25@nps.gov,Pasadena,California,Land Rover,Defender 90,1995,WAUWFAFR5DA635278
79,Rockey,Gallimore,rgallimore26@yandex.ru,Reno,Nevada,Mazda,MX-6,1992,JTHBE5C20A5255108
80,Roselle,Holberry,rholberry27@furl.net,Saint Louis,Missouri,Volkswagen,Passat,2003,JH4CL96996C206986
81,Karly,Goulston,,Manassas,Virginia,Chrysler,Fifth Ave,1992,5LMJJ2H56AE423112
82,Genovera,Clemmen,,Charlotte,North Carolina,Saab,9-2X,2006,1D7RV1CP0BS754374
83,Isacco,Mion,imion2a@nature.com,Lafayette,Louisiana,Toyota,Prius,2005,WAUDH98E06A410246
84,Konstantine,Philipps,kphilipps2b@artisteer.com,Fullerton,California,GMC,2500 Club Coupe,1996,WBAYA8C59FG281489
85,Armand,Aspole,aaspole2c@paypal.com,Topeka,Kansas,Toyota,Celica,1984,WAUAF98E66A045452
86,Tito,Lott,tlott2d@parallels.com,Orlando,Florida,Mazda,626,2002,3C4PDCAB1DT059779
87,Lane,Upfold,lupfold2e@slate.com,Birmingham,Alabama,Lincoln,LS,2004,WAULC58E75A493157
88,Laureen,Nutbean,lnutbean2f@google.cn,Tampa,Florida,GMC,Yukon XL 1500,2008,1FTEW1CM4DK516247
89,Arline,Scarrott,ascarrott2g@artisteer.com,Migrate,Kentucky,Daewoo,Leganza,2000,1FTEX1C83AF386546
90,Tessie,Piens,tpiens2h@amazon.com,Denver,Colorado,Porsche,911,2001,1N6AD0CU4CC832349
91,Kissee,Kentish,kkentish2i@sciencedaily.com,Sacramento,California,Aston Martin,DB9,2009,WP0AB2A93FS671781
92,Teddy,Stockport,tstockport2j@issuu.com,Bridgeport,Connecticut,Ford,Ranger,2005,WBA3G7C59FK574292
93,Darbee,Klaaassen,dklaaassen2k@va.gov,Charleston,West Virginia,Ford,F350,2009,JN1CV6EK0BM964575
94,Perice,Ianetti,pianetti2l@tmall.com,Irvine,California,Buick,Rendezvous,2005,WVWGU9AN2BE929596
95,Kasey,Drake,kdrake2m@fema.gov,El Paso,Texas,Mercedes-Benz,CLK-Class,2006,W04GY5GV9B1714285
96,Callida,Wearing,cwearing2n@sohu.com,Saint Cloud,Minnesota,Mercury,Sable,1992,5TDBW5G1XFS114046
97,Otho,Rothermel,orothermel2o@mit.edu,Louisville,Kentucky,Pontiac,Grand Prix,1984,1FTEW1CM3CF938906
98,Tanhya,Trahair,ttrahair2p@admin.ch,Lakeland,Florida,Suzuki,Swift,1987,JH4DC23161S078067
99,Hedi,Leale,,Jacksonville,Florida,Chevrolet,S10,1998,2HNYD18956H416463
100,Petra,Linnett,plinnett2r@aol.com,Houston,Texas,Volkswagen,Fox,1989,JTHBE5C21B5872812
101,Beale,McCullum,bmccullum2s@jugem.jp,Anaheim,California,Chevrolet,Express 1500,2006,JN8AE2KP1F9038339
102,Jameson,Horsewood,jhorsewood2t@wufoo.com,Seattle,Washington,Mercedes-Benz,Sprinter 2500,2011,1FMJK1JT9FE614367
103,Haleigh,Extall,hextall2u@yelp.com,Chicago,Illinois,Land Rover,Range Rover,2004,JH4DC54812C039704
104,Nicol,Wardington,nwardington2v@army.mil,Omaha,Nebraska,Chevrolet,S10,2003,JTHDU1EF1B5111623
105,Christoffer,Donnachie,cdonnachie2w@weather.com,Saint Paul,Minnesota,Ford,Edge,2007,WAUKH98E77A912955
106,Roana,Morillas,rmorillas2x@latimes.com,Washington,District of Columbia,GMC,Acadia,2009,1FTMF1CW1AK784049
107,Krista,Gostick,kgostick2y@cmu.edu,Saint Paul,Minnesota,Acura,MDX,2009,YV1672MK7A2141483
108,Sharla,Children,,Pompano Beach,Florida,Ford,E350,2009,1G6DL5E30C0763183
109,Lockwood,Leaves,lleaves30@adobe.com,Minneapolis,Minnesota,Volvo,V70,2000,3C63D2GLXCG451151
110,Sal,Paler,spaler31@businessweek.com,El Paso,Texas,Ford,E-Series,1994,4T1BF3EK3AU226073
111,Willie,Whal,wwhal32@dropbox.com,Springfield,Illinois,Audi,Q5,2009,1N4AA5AP2EC500750
112,Blondelle,Doers,,Wichita,Kansas,Mazda,Miata MX-5,2008,WBSDX9C51DJ321076
113,Paddy,Andrini,pandrini34@amazon.de,Nashville,Tennessee,Chevrolet,Corvette,1986,WDDHF7GB0FB613675
114,Donnamarie,Tracy,dtracy35@mediafire.com,San Rafael,California,GMC,Sierra 3500HD,2006,WA1EY94L89D714806
115,Son,Leven,sleven36@artisteer.com,Richmond,Virginia,Volkswagen,GTI,1985,WAUFFBFL8BA249209
116,Gradeigh,Braizier,gbraizier37@sfgate.com,Miami,Florida,Bentley,Continental,2008,3GYVKNEF9AG733116
117,Auroora,Franklen,afranklen38@parallels.com,Washington,District of Columbia,Buick,Somerset,1987,WBAFR7C5XDC044833
118,Christophe,Riccetti,criccetti39@facebook.com,Richmond,Virginia,Pontiac,Firebird,1989,JH4KB16637C688068
119,Gal,Serotsky,gserotsky3a@telegraph.co.uk,Tampa,Florida,Nissan,Rogue,2009,1G6DP1E39C0830859
120,Marley,Cockshot,mcockshot3b@wikispaces.com,Dallas,Texas,Mitsubishi,Mirage,1988,1G4GE5ED6BF895448
121,Valerie,Ghirigori,vghirigori3c@harvard.edu,Houston,Texas,Nissan,Altima,1998,WBAEN33483P224911
122,Basilius,Alf,,Columbus,Ohio,GMC,Acadia,2007,3C63D3CL0CG540464
123,Milton,Johnke,mjohnke3e@liveinternet.ru,Glendale,California,Mazda,B2600,1989,1FMJK1G50AE788619
124,Gayle,Mitchenson,gmitchenson3f@paginegialle.it,Houston,Texas,Cadillac,Seville,1996,1GKS1AKC3FR540440
125,Kristi,Ishchenko,,San Antonio,Texas,Volkswagen,Touareg,2011,19UUA8F25EA915077
126,Tamarra,Elcox,telcox3h@nyu.edu,El Paso,Texas,Isuzu,Oasis,1996,WA1UFAFL5EA333345
127,Garik,Santen,gsanten3i@loc.gov,Omaha,Nebraska,Chevrolet,TrailBlazer,2009,1FTWX3B54AE716496
128,Catherin,Stanfield,cstanfield3j@bravesites.com,San Francisco,California,Chevrolet,Suburban 1500,2001,1G6AA5RX0D0933632
129,Berte,Keal,bkeal3k@rediff.com,Austin,Texas,Holden,Monaro,2004,JH4CL96926C342019
130,Ruth,Moncey,rmoncey3l@nifty.com,Albany,Georgia,Alfa Romeo,164,1994,1C3CDFBB3FD472296
131,Hayden,Corhard,hcorhard3m@auda.org.au,Yakima,Washington,Volkswagen,Fox,1992,3VW1K7AJ4FM946362
132,Jaymee,Tranfield,,Oakland,California,Ford,F250,1999,JH4CU2F6XAC802725
133,Babbie,Phinn,bphinn3o@smh.com.au,Milwaukee,Wisconsin,Honda,Civic,1990,3N6CM0KN4DK957625
134,Olvan,Mycock,omycock3p@ted.com,Corpus Christi,Texas,Mitsubishi,GTO,1999,WAUJT68E25A220818
135,Charmane,Spiniello,cspiniello3q@discuz.net,Evansville,Indiana,Volkswagen,Golf,2005,WUARU98E97N306985
136,Aggy,Wicklen,awicklen3r@w3.org,Shawnee Mission,Kansas,Hyundai,Tiburon,2009,WAULD54B12N257939
137,Gorden,Saladin,,Amarillo,Texas,GMC,Sierra 2500,2004,WBAYF4C56FD182897
138,Sean,Brayshaw,sbrayshaw3t@smh.com.au,Trenton,New Jersey,Jeep,Grand Cherokee,2007,SCBBR9ZA5DC182655
139,Madelon,Rentz,mrentz3u@loc.gov,Lexington,Kentucky,Volvo,C70,1998,WBA3D3C58FK193857
140,Perice,Dietmar,pdietmar3v@facebook.com,Omaha,Nebraska,Saturn,L-Series,2003,WBA5M6C55ED734800
141,Valencia,Williams,vwilliams3w@alibaba.com,Corona,California,Subaru,XT,1988,JTHBE1D21E5942675
142,Brit,Smyley,bsmyley3x@wikispaces.com,San Bernardino,California,Dodge,Avenger,1999,WBXPA73474W641803
143,Ingeberg,Thyer,ithyer3y@sciencedirect.com,Washington,District of Columbia,Aston Martin,V12 Vantage,2012,5J8TB3H36GL672212
144,Sharleen,Cisco,scisco3z@china.com.cn,Columbus,Georgia,Mercedes-Benz,500SEC,1993,1G6DS8E39C0715718
145,Michael,Purser,mpurser40@flavors.me,Salinas,California,Isuzu,Stylus,1992,WBA3A5C51EP943637
146,Reggy,Austen,rausten41@shutterfly.com,Saint Louis,Missouri,Lamborghini,Diablo,2000,1FMNE1BW5AD335286
147,Edy,Brideaux,,New York City,New York,Maserati,Quattroporte,2010,JTEBU5JR2F5680482
148,Zorah,Kitchener,zkitchener43@free.fr,Pensacola,Florida,Pontiac,Fiero,1987,1G6DV1EP6F0284647
149,Gerard,Wallas,gwallas44@illinois.edu,Baltimore,Maryland,Chevrolet,Corvair,1960,WAUDGBFL3BA492818
150,Melinde,Gutridge,mgutridge45@tripadvisor.com,Richmond,Virginia,Jeep,Cherokee,1994,JN1CV6FE6AM184300
151,Coralyn,McIlwraith,,Myrtle Beach,South Carolina,Buick,Regal,1998,2G4GR5GXXE9635482
152,Kessia,Strass,kstrass47@mozilla.org,Charlotte,North Carolina,Toyota,FJ Cruiser,2007,3N1CE2CP0FL173387
153,Tris,Neville,tneville48@blogspot.com,Tampa,Florida,Infiniti,I,2004,3C4PDCEG2ET980206
154,Sofia,Oxbury,soxbury49@vimeo.com,Young America,Minnesota,Mazda,RX-7,1986,WAUSGAFC4CN137099
155,Candie,Jakuszewski,cjakuszewski4a@stumbleupon.com,Roanoke,Virginia,Audi,A3,2007,1G6AB5S30D0236028
156,Ogdan,Pettican,opettican4b@parallels.com,Washington,District of Columbia,Ford,Model T,1909,3D73Y3CL0BG853645
157,Veronika,Redgrove,vredgrove4c@nba.com,Fort Myers,Florida,Ford,Thunderbird,1995,WBANV1C53AB248895
158,Lurleen,Grunwald,lgrunwald4d@techcrunch.com,Allentown,Pennsylvania,Audi,S4,2008,WBAYP5C56ED756058
159,Freeland,Mival,fmival4e@psu.edu,Modesto,California,Lexus,ES,2002,19XFB4F2XDE921997
160,Britt,Luckin,bluckin4f@free.fr,New Haven,Connecticut,Infiniti,IPL G,2011,WBANE73556B904699
161,Bekki,Shermar,bshermar4g@umich.edu,Syracuse,New York,Porsche,Cayenne,2011,WBAYG6C5XFD121870
162,Elysia,Tolchard,etolchard4h@bizjournals.com,Cambridge,Massachusetts,Mazda,Navajo,1992,5TDDCRFH2ES431339
163,Ashlan,Abrahamsson,aabrahamsson4i@purevolume.com,Norfolk,Virginia,Volkswagen,Passat,2004,KNAFZ6A31F5873082
164,Alonso,Emanuel,aemanuel4j@wp.com,Washington,District of Columbia,Saturn,Relay,2006,WBA3A9C53CF778376
165,Amil,Doyle,adoyle4k@msn.com,Terre Haute,Indiana,Volkswagen,GTI,1986,1G6DJ5EG5A0185796
166,Mildred,Baumer,mbaumer4l@zdnet.com,New York City,New York,Nissan,Frontier,2011,1G6DZ67A080653192
167,Mychal,Naylor,mnaylor4m@blinklist.com,Colorado Springs,Colorado,Maserati,GranTurismo,2009,3VWA17AU9FM365095
168,Lillis,Challenger,lchallenger4n@disqus.com,Fort Worth,Texas,Lamborghini,Murciélago,2003,1G6YV36A185990907
169,Boy,Lugden,blugden4o@prweb.com,Greensboro,North Carolina,Nissan,Versa,2011,5NPDH4AE8CH629489
170,Belinda,Kettlesing,bkettlesing4p@myspace.com,Alhambra,California,Mercedes-Benz,S-Class,1988,1N6AA0CC1EN615655
171,Kelila,Snadden,ksnadden4q@sphinn.com,Corpus Christi,Texas,Volvo,850,1994,5N1AZ2MG0FN988367
172,Kerstin,Teager,kteager4r@biglobe.ne.jp,Trenton,New Jersey,Mercedes-Benz,500SEL,1993,JN1CV6FEXFM605376
173,Urbano,Fritter,ufritter4s@spiegel.de,Hollywood,Florida,Toyota,Celica,1983,JHMZF1C46CS408309
174,Obie,Radolf,oradolf4t@hp.com,Littleton,Colorado,Mazda,Protege5,2003,JTEBU5JR1F5952701
175,Cordula,Paeckmeyer,cpaeckmeyer4u@cnet.com,Boston,Massachusetts,Mercedes-Benz,SLK-Class,2006,3N1CE2CP2EL857369
176,Sidonnie,Newman,snewman4v@ow.ly,Lake Worth,Florida,Toyota,Avalon,1997,1D7CE2BK7AS215444
177,Yorgo,Latour,ylatour4w@w3.org,Houston,Texas,Dodge,Ram,2007,1FTWW3B5XAE836743
178,Mitchael,Lalonde,,San Antonio,Texas,Dodge,Avenger,2009,SALWR2VF1FA405269
179,Ferris,Jansey,,Bethesda,Maryland,Acura,RSX,2006,1C6RD6PT7CS520842
180,Barbra,Geffe,bgeffe4z@usa.gov,Birmingham,Alabama,Jeep,Grand Cherokee,2010,3GYFNGE35FS135123
181,Livvyy,Gethouse,lgethouse50@digg.com,Fresno,California,Acura,CL,2001,5N1AA0NC5EN797002
182,Nancee,Pettecrew,npettecrew51@un.org,Bradenton,Florida,Ford,Econoline E250,2002,2G4GW5EVXB9983658
183,Che,Barnfather,cbarnfather52@merriam-webster.com,Los Angeles,California,Maserati,Gran Sport,2006,1FTEW1CW3AK971295
184,Avrom,Banaszewski,abanaszewski53@cnbc.com,Shawnee Mission,Kansas,Chevrolet,Express 2500,2004,3VWKP7AJXEM140062
185,Roxy,Werrett,rwerrett54@yale.edu,Paterson,New Jersey,Saturn,S-Series,1992,4T1BD1FK0CU832958
186,Marjy,Hilhouse,mhilhouse55@harvard.edu,Seattle,Washington,Dodge,Ram 1500,2002,5UXZW0C50C0311475
187,Rennie,Mounsey,rmounsey56@xinhuanet.com,Shreveport,Louisiana,BMW,Z4,2006,WAUKH74F18N542955
188,Nikolai,Wiltshier,nwiltshier57@pbs.org,Lawrenceville,Georgia,Honda,CR-V,2009,3N1CN7AP4FL725361
189,Jeanette,Ruddock,jruddock58@google.ca,Akron,Ohio,Infiniti,G,1995,JM1NC2JF6F0764021
190,Wolf,Kitchenman,wkitchenman59@newsvine.com,San Antonio,Texas,Toyota,Matrix,2005,KMHTC6AD5EU163814
191,Bengt,Fraanchyonok,bfraanchyonok5a@spiegel.de,Pasadena,California,Volvo,C30,2012,5GAKVCKD8FJ506627
192,Karina,Temperley,ktemperley5b@eepurl.com,Cincinnati,Ohio,Infiniti,G,2012,WAULT68E84A721249
193,Stanwood,Harhoff,sharhoff5c@ebay.com,Baltimore,Maryland,Mazda,929,1992,1D7RB1GT0BS431636
194,Kaitlynn,Leathem,,Lancaster,California,Cadillac,Escalade,2007,1G4GJ5E3XCF697525
195,Nestor,Gouldstone,ngouldstone5e@technorati.com,Kansas City,Missouri,Buick,Enclave,2012,1FTEX1CW9AK313106
196,Linell,Allsepp,lallsepp5f@woothemes.com,Washington,District of Columbia,Land Rover,Discovery,1994,1G6KF57981U078855
197,Tab,Zellner,tzellner5g@github.com,Fullerton,California,GMC,Yukon,1999,JTHBE1BL3FA635464
198,Karlyn,Josefsohn,kjosefsohn5h@cdbaby.com,Las Vegas,Nevada,Ford,Focus,2009,4USCN33402L977178
199,Stevena,Wigfield,swigfield5i@imgur.com,Salem,Oregon,Dodge,Caliber,2012,JA32X8HWXCU156232
200,Noel,Bickerdike,nbickerdike5j@un.org,Las Vegas,Nevada,Acura,MDX,2001,JTJBJRBZ0F2093635
201,Lonni,Barnet,lbarnet5k@cdc.gov,Garland,Texas,Chrysler,Sebring,2007,JA32U2FU5DU950211
202,Farris,Klossmann,fklossmann5l@pen.io,Helena,Montana,Mazda,Mazdaspeed 3,2012,WAUDL54F25N752648
203,Morlee,Bevir,mbevir5m@hp.com,Syracuse,New York,Fiat,500,2012,1FMCU5K36AK493476
204,Hayden,Boshere,hboshere5n@unc.edu,El Paso,Texas,Audi,S4,1994,NM0KS7DNXAT722963
205,Wyndham,Ditchburn,wditchburn5o@fda.gov,Modesto,California,Nissan,Sentra,2000,JTHBE1BL4F1847242
206,Lorine,Windybank,lwindybank5p@eepurl.com,Minneapolis,Minnesota,Ford,EXP,1985,5N3ZA0NC3AN694410
207,Dianne,Longhorne,,Jamaica,New York,Ford,Festiva,1991,WBAUL7C52BV700033
208,Ira,Droghan,idroghan5r@blog.com,Indianapolis,Indiana,Mercedes-Benz,GL-Class,2008,WAUEFBFL0EA621433
209,Orson,Gierth,ogierth5s@fotki.com,Topeka,Kansas,Dodge,Ram 1500,1999,JH4NA12691T867003
210,Tim,Grabiec,tgrabiec5t@nytimes.com,Norfolk,Virginia,Chrysler,Cirrus,2000,ZFBCFADH2FZ986561
211,Emmey,Humbatch,ehumbatch5u@dell.com,Philadelphia,Pennsylvania,Suzuki,SJ,1988,3C4PDDBG6ET123509
212,Valerye,Shord,vshord5v@tumblr.com,Texarkana,Texas,Ford,F150,1992,1G4HP52KX4U407568
213,Felipa,Mowsdale,fmowsdale5w@businesswire.com,Huntington,West Virginia,Buick,LeSabre,2004,1G6AM5S36F0885216
214,Gael,Scotchforth,,San Diego,California,Lexus,LS,1995,WVGAV7AX6AW993685
215,Elset,Keaveney,ekeaveney5y@github.com,San Diego,California,Plymouth,Voyager,1993,2T1BU4EEXDC444071
216,Darline,Humble,dhumble5z@g.co,Roanoke,Virginia,Kia,Sephia,2001,WAUAKAFB5BN309298
217,Rennie,Penwarden,rpenwarden60@stumbleupon.com,Carson City,Nevada,Ford,Crown Victoria,2001,3GYFNKE68BS533367
218,Hertha,Dockray,hdockray61@webmd.com,Akron,Ohio,Buick,Park Avenue,2004,WAUEFAFL8BA663175
219,Kerk,Siney,ksiney62@opensource.org,Inglewood,California,BMW,525,2004,YV1612FH2E1818020
220,Tammie,Silcock,tsilcock63@feedburner.com,Indianapolis,Indiana,Pontiac,Grand Prix,1970,3GTU2YEJ9BG517632
221,Franchot,Vanyashkin,,Nashville,Tennessee,Lincoln,Mark VIII,1995,SCBBR9ZA5CC297934
222,Maynard,Hamfleet,mhamfleet65@mysql.com,Amarillo,Texas,Mazda,MX-3,1995,WAULC58E65A241139
223,Bartholomew,Mottini,bmottini66@webmd.com,Glendale,Arizona,Saturn,L-Series,2000,WAUAF78E58A629462
224,Evy,Webberley,ewebberley67@networkadvertising.org,Denver,Colorado,Ford,E150,2006,19VDE3F71EE419331
225,Emlynn,Tortoishell,etortoishell68@sun.com,Baltimore,Maryland,Ford,Crown Victoria,1998,JM1NC2PF3F0180179
226,Guendolen,Barkworth,gbarkworth69@telegraph.co.uk,Kansas City,Missouri,Chevrolet,Camaro,1971,1D7CE3BK4AS343811
227,Adolphus,O'Deoran,,Little Rock,Arkansas,Audi,S8,2002,WAUDG78E65A678174
228,Danica,Raoul,draoul6b@discuz.net,Lansing,Michigan,Mercedes-Benz,600SL,1993,WAUGN94F59N202882
229,Seana,Lapre,slapre6c@sitemeter.com,Los Angeles,California,Toyota,Previa,1996,WAULFAFH6BN262462
230,Zora,Hogsden,zhogsden6d@shop-pro.jp,Richmond,Virginia,Acura,RDX,2012,WAUAVAFA0AN522964
231,Jacquelin,Clemenson,,Columbia,South Carolina,Buick,Somerset,1987,WBA3V7C58F5353724
232,Cristy,Easton,ceaston6f@chronoengine.com,Minneapolis,Minnesota,Suzuki,SX4,2012,SCFLDCFPXEG158031
233,Mohammed,Matijevic,mmatijevic6g@berkeley.edu,Sacramento,California,Ford,EXP,1984,1FMJK1HT2FE210784
234,Massimiliano,Jersh,,Fort Worth,Texas,Ford,Escape,2012,WAUJC58E04A749063
235,Justinn,Gadman,,Augusta,Georgia,Honda,Accord,2001,5N1AT2ML6FC329395
236,Gibbie,Cockman,gcockman6j@bloglines.com,Durham,North Carolina,Mazda,Mazda6,2009,WBA6B4C51DD696866
237,Marcela,Rawlingson,mrawlingson6k@ed.gov,Minneapolis,Minnesota,Toyota,Xtra,1992,1G6DX67DX90303067
238,Nerita,Holdin,nholdin6l@vk.com,San Diego,California,Jaguar,XJ Series,1998,KNADH5A31A6889225
239,Hilda,Balducci,hbalducci6m@amazon.com,Katy,Texas,Mitsubishi,Endeavor,2008,WAUGGBFC7CN897698
240,Sher,Lochrie,slochrie6n@flavors.me,Austin,Texas,Pontiac,6000,1989,1D7RV1CP7AS270555
241,Helaine,Milch,hmilch6o@theglobeandmail.com,Topeka,Kansas,Chevrolet,Avalanche 1500,2005,SCFEBBAC7AG001418
242,Terza,Mingo,,Jersey City,New Jersey,Subaru,Forester,2009,JN8AZ1FY1CW802527
243,Hephzibah,Devenport,hdevenport6q@is.gd,North Hollywood,California,Ford,Thunderbird,1972,WBABV13415J418001
244,Barbara-anne,Cockings,bcockings6r@tamu.edu,Santa Cruz,California,BMW,745,2005,WBA3A9G57FN955340
245,Lucy,Letford,,Columbus,Georgia,Pontiac,Grand Prix,1990,WAUMGBFL9CA636521
246,Evonne,Bygrave,,Las Vegas,Nevada,Volkswagen,Corrado,1993,1D7RE2BKXBS520089
247,Ciro,Ziehm,cziehm6u@bing.com,Lake Charles,Louisiana,Mazda,RX-7,1994,WAUSH78E26A136981
248,Finn,Piggott,fpiggott6v@cnbc.com,Cincinnati,Ohio,Volvo,S60,2011,1G6DC8E59C0848722
249,Lorna,Franek,lfranek6w@comcast.net,Lexington,Kentucky,Jeep,Grand Cherokee,2009,3VWA17AU6FM845529
250,Dulce,Olivetta,dolivetta6x@ucoz.com,Irvine,California,Ford,Econoline E250,1998,WBAPH7G50AN660722
251,Ramsey,Clayfield,rclayfield6y@wikimedia.org,Lakeland,Florida,GMC,3500,1997,1GYS4HEF9ER731483
252,Isador,Januszewski,ijanuszewski6z@si.edu,Buffalo,New York,Buick,Riviera,1991,1FTFW1E83AF948272
253,Darell,Matysik,dmatysik70@cnet.com,Fort Wayne,Indiana,Chevrolet,Astro,2003,WDDHF5KB3EA929877
254,Urban,Paylor,,Jamaica,New York,Mercedes-Benz,M-Class,2005,WAUXF78K69A241108
255,Laurens,Crosi,lcrosi72@yolasite.com,Milwaukee,Wisconsin,Toyota,Tercel,1996,JTDKTUD36DD964547
256,Lynda,Bamsey,lbamsey73@instagram.com,Chicago,Illinois,Ford,E250,2010,1G6KF57921U486851
257,Ilka,Berling,iberling74@toplist.cz,Columbus,Ohio,Volvo,XC90,2006,YV140MEB0F1769937
258,Raphael,Jeannet,rjeannet75@amazon.de,Milwaukee,Wisconsin,Lincoln,Town Car,1995,KM8JT3AF0EU379450
259,Adey,Gounod,agounod76@4shared.com,Denver,Colorado,Lamborghini,Countach,1988,JTHBL1EF5B5309518
260,Janek,Tours,jtours77@dailymail.co.uk,Fort Lauderdale,Florida,Volkswagen,CC,2013,WAULK78KX9N539423
261,Tyrone,Fleming,tfleming78@bbb.org,Simi Valley,California,Kia,Sportage,2000,5UXFB53534L784492
262,Kile,Glennon,kglennon79@msu.edu,Cedar Rapids,Iowa,Lincoln,MKZ,2008,JN1CV6AP1CM189156
263,Karoly,Kield,kkield7a@cnbc.com,Petaluma,California,Ford,Expedition,2008,WBA3C1C56DK365517
264,Cobby,Lamond,clamond7b@elpais.com,Baltimore,Maryland,Hyundai,Accent,1995,1G6DV1EP3F0240394
265,Carlen,Thornhill,cthornhill7c@tamu.edu,Miami,Florida,Ford,Thunderbird,1987,YV4902BZ8D1705446
266,Kacie,Vasyutichev,kvasyutichev7d@csmonitor.com,Katy,Texas,Studebaker,Avanti,1962,5XYZG3AB8BG443689
267,Constance,Dohms,cdohms7e@creativecommons.org,Iowa City,Iowa,Mercedes-Benz,E-Class,1989,1VWAH7A34CC453276
268,Renie,Priestner,,Petaluma,California,Mercury,Capri,1991,WBALM7C50EE407695
269,Susann,McKeady,smckeady7g@ftc.gov,Saint Louis,Missouri,Jaguar,XK Series,2003,WBANA53574B742216
270,Eda,Arnopp,earnopp7h@telegraph.co.uk,Savannah,Georgia,Jaguar,XK Series,2002,WP1AA2A2XDL201417
271,Carmelina,Wetherill,cwetherill7i@myspace.com,Anchorage,Alaska,Jeep,Grand Cherokee,1993,3N1BC1AP5BL518826
272,Lisette,Iddenden,liddenden7j@comcast.net,Cincinnati,Ohio,Saab,900,1987,1GYS4JKJ5FR234531
273,Reeba,Whiteland,rwhiteland7k@people.com.cn,Boston,Massachusetts,Pontiac,Grand Prix,1981,5J8TB4H34EL762462
274,Hortensia,Spicer,hspicer7l@twitpic.com,Long Beach,California,Hummer,H2,2004,WA1CGBFE3ED815035
275,Brett,Yven,byven7m@google.com.au,Tampa,Florida,Ford,Taurus,2010,1GYS3FEJXDR937650
276,Loree,Lorrain,llorrain7n@shop-pro.jp,El Paso,Texas,Ford,F350,2012,1G4PP5SK1C4494254
277,Brnaba,McJury,bmcjury7o@cbc.ca,Tulsa,Oklahoma,Buick,Electra,1986,1G6KE57Y21U468344
278,Dion,Durrans,ddurrans7p@engadget.com,Fort Lauderdale,Florida,Chevrolet,Tahoe,2010,2V4RW3DG6BR359740
279,Dorthy,Hischke,dhischke7q@ask.com,New York City,New York,BMW,X3,2008,5TFCW5F14BX299169
280,Ethyl,Enston,eenston7r@nba.com,New York City,New York,Toyota,Camry,1996,WBA3C3C50EF935582
281,Griffin,Itzkovici,gitzkovici7s@bbb.org,Dearborn,Michigan,Toyota,Paseo,1992,WBAUN13578V559122
282,Kaila,Slight,,Shreveport,Louisiana,Chevrolet,Cavalier,1994,KMHTC6AD5FU603578
283,Donia,Poundsford,dpoundsford7u@infoseek.co.jp,Paterson,New Jersey,Dodge,Ram Van B250,1994,1FMEU2DE5AU481717
284,Eilis,Stelfax,estelfax7v@mayoclinic.com,New Orleans,Louisiana,Mitsubishi,Mirage,1993,1G6DJ8EG8A0875916
285,Tully,Streak,tstreak7w@arizona.edu,Boston,Massachusetts,Suzuki,SX4,2010,WAURVAFD9CN794834
286,Aleksandr,Bray,,Athens,Georgia,GMC,Sierra 2500,2012,1N6AF0LX3EN897804
287,Winonah,Chellam,wchellam7y@archive.org,Bowie,Maryland,Mercury,Villager,1995,WVWAB7AJ9CW791743
288,Mirabelle,Clulow,,Houston,Texas,Chevrolet,Tahoe,2002,WBA3V9C57EP589179
289,Dominique,Meran,dmeran80@sohu.com,Chico,California,Ford,Ranger,2000,3D7TT2CT2BG580023
290,Allistir,Chittem,achittem81@theguardian.com,Pocatello,Idaho,Kia,Rio,2010,1G6DJ577080531325
291,Gwenore,Firpi,gfirpi82@ning.com,Long Beach,California,Land Rover,Discovery,2004,WA1EY94L28D388631
292,Sophi,Obert,sobert83@1und1.de,Las Vegas,Nevada,Chevrolet,Caprice,1983,WAUEH98E86A241016
293,Carlita,Grimston,cgrimston84@tamu.edu,Worcester,Massachusetts,Ford,LTD Crown Victoria,1991,1GKS1EEF3CR190302
294,Rudolf,Downs,,South Bend,Indiana,GMC,Yukon XL 2500,2002,WAUVT58EX4A844330
295,Joshua,Mallinar,jmallinar86@bbc.co.uk,Peoria,Illinois,Mazda,RX-7,1984,SCBBB7ZH7DC482820
296,Sallee,Shawcroft,sshawcroft87@imageshack.us,Huntsville,Alabama,Chevrolet,Prizm,2002,1G6KD57Y79U524664
297,Berkly,Cockitt,,Paterson,New Jersey,Oldsmobile,98,1996,2LMHJ5AR6BB968843
298,Nan,Sandiford,nsandiford89@scientificamerican.com,Carson City,Nevada,Volvo,740,1992,WVGAV7AX7CW845208
299,Sydel,Bister,sbister8a@bluehost.com,Norfolk,Virginia,Ford,Fusion,2012,1GKKRNED8EJ538300
300,Andriana,Escudier,,Fresno,California,Audi,A4,2002,1B3BD1FB7BN714923
301,Anneliese,Warby,awarby8c@digg.com,Lansing,Michigan,Bentley,Continental,2012,2C3CA6CT0AH303428
302,Bathsheba,Gloy,bgloy8d@kickstarter.com,Tacoma,Washington,GMC,Sonoma,1994,KNADH5A33A6473337
303,Omar,Boutellier,oboutellier8e@hugedomains.com,Erie,Pennsylvania,Mercedes-Benz,S-Class,2000,JH4NA21651T971169
304,Benedetto,Jeanesson,bjeanesson8f@constantcontact.com,El Paso,Texas,Isuzu,Rodeo Sport,2002,3D7JV1EP0BG233222
305,Ancell,Attwooll,aattwooll8g@stumbleupon.com,Detroit,Michigan,Chevrolet,Express 3500,2003,1N6AD0CU0DN676168
306,Bartie,McCaughen,bmccaughen8h@noaa.gov,Houston,Texas,Chevrolet,Cavalier,1992,SALAG2D42CA894874
307,Bald,Yule,byule8i@mozilla.com,Evansville,Indiana,Lotus,Exige,2005,WAUUL68E85A862702
308,Pietro,Pennigar,,Petaluma,California,Audi,TT,2008,JN8AZ2NEXF9682324
309,Nefen,Botfield,,Orlando,Florida,Mercedes-Benz,CLK-Class,1999,1FTSX2B51AE305341
310,Osbourne,Heggie,oheggie8l@icq.com,Kansas City,Missouri,Ford,Mustang,2011,3D73M3CL5AG310236
311,Cally,Tanti,ctanti8m@imgur.com,Colorado Springs,Colorado,MINI,Cooper Clubman,2012,WVGAV3AX9EW169730
312,Carita,Enga,cenga8n@adobe.com,Trenton,New Jersey,Suzuki,Forenza,2005,JHMZE2H34CS681631
313,Niles,Knotton,nknotton8o@tripadvisor.com,Columbia,South Carolina,Lexus,IS,2012,4A31K5DF8BE086087
314,Nevsa,Mardoll,nmardoll8p@timesonline.co.uk,Cincinnati,Ohio,Toyota,Land Cruiser,2007,1G6DN56S350636690
315,Rockey,Locksley,rlocksley8q@ibm.com,Jamaica,New York,Honda,del Sol,1997,1G6DF577090328969
316,Kenon,Casone,kcasone8r@edublogs.org,Portland,Oregon,Dodge,Ram 3500,1994,JTJBM7FX6D5434245
317,Boony,Sellars,bsellars8s@scribd.com,Las Vegas,Nevada,Mercedes-Benz,GLK-Class,2010,WAUGN74F77N676298
318,Berk,Zannotti,bzannotti8t@sitemeter.com,New York City,New York,Pontiac,Grand Prix,1998,WBALM5C58AE974008
319,Kerri,Dysart,kdysart8u@simplemachines.org,Dayton,Ohio,Hyundai,Elantra,2001,1G4CW54K824213712
320,Susy,Woolway,swoolway8v@sitemeter.com,Nashville,Tennessee,Chevrolet,Cruze,2013,1LNHL9DR8CG044598
321,Osmund,Birrane,obirrane8w@phpbb.com,Richmond,Virginia,Mazda,Protege,2001,WAUJC68E54A553450
322,Myriam,Pluthero,mpluthero8x@theguardian.com,Santa Ana,California,Land Rover,Defender,1994,1FTSW3B59AE058336
323,Con,Shortell,cshortell8y@japanpost.jp,Newark,Delaware,Infiniti,G,2008,2G4WB55K621498736
324,Theodor,Scurfield,tscurfield8z@wiley.com,Madison,Wisconsin,Chevrolet,Silverado,2002,1G4HR54K82U907331
325,Darline,Eunson,deunson90@oaic.gov.au,Wichita Falls,Texas,Buick,Park Avenue,1994,19XFA1E31BE398684
326,Bartel,Sills,bsills91@ycombinator.com,Buffalo,New York,Ford,Thunderbird,1990,WAU32AFDXFN766141
327,Laurent,Tokell,ltokell92@deviantart.com,Cincinnati,Ohio,Audi,S4,2001,5J6TF3H55FL529877
328,Graham,Ciubutaro,gciubutaro93@mysql.com,Mobile,Alabama,Chevrolet,G-Series G20,1993,2G4WB52K421123626
329,Carmina,Harry,charry94@walmart.com,Irving,Texas,GMC,Safari,2005,5N1AN0NU6AC938890
330,Avictor,Lots,alots95@bbc.co.uk,Seattle,Washington,Audi,Q5,2009,KMHTC6AD5EU271463
331,Sonny,Woffinden,swoffinden96@huffingtonpost.com,Austin,Texas,GMC,Rally Wagon 2500,1993,1GYFK66837R287077
332,Trudy,Schaumaker,tschaumaker97@cnn.com,High Point,North Carolina,Lotus,Exige,2006,WBAFU7C5XCD962959
333,Kelly,Summerill,,Littleton,Colorado,Dodge,Ram 1500 Club,1999,3GTU2YEJ8BG677145
334,Rhys,Digginson,rdigginson99@360.cn,Oklahoma City,Oklahoma,Jeep,Wrangler,2001,19XFA1E68BE684512
335,Florentia,Franz,ffranz9a@google.pl,Farmington,Michigan,Nissan,Xterra,2010,1C3CDFAA5DD142777
336,Sharla,Willmetts,swillmetts9b@techcrunch.com,New Haven,Connecticut,Lexus,ES,1993,WAUVFAFR2DA683946
337,Fraser,Farady,ffarady9c@histats.com,Peoria,Arizona,Pontiac,GTO,1974,5N1AR2MM5DC541130
338,Corena,Hlavac,chlavac9d@si.edu,Reno,Nevada,Mazda,CX-7,2008,WAUAF48H69K568238
339,Kania,Crichmere,kcrichmere9e@discuz.net,Sacramento,California,Dodge,Dakota,2006,1G6AB5SA9D0684850
340,Herby,Foss,hfoss9f@cpanel.net,Kansas City,Missouri,Buick,Skyhawk,1986,3G5DB03E13S379629
341,Lanny,Marte,lmarte9g@ovh.net,Hayward,California,Kia,Rio,2013,2C3CDXJG7FH010538
342,Care,Olrenshaw,colrenshaw9h@howstuffworks.com,Saint Petersburg,Florida,Chevrolet,Corvette,2010,WDDHF0EBXEB740121
343,Avram,Boolsen,aboolsen9i@furl.net,Nashville,Tennessee,Mercedes-Benz,S-Class,1990,WBAGL83585D212685
344,Whitman,Dowsett,wdowsett9j@ustream.tv,Washington,District of Columbia,Oldsmobile,Alero,2003,1GKUCGEJ6AR718723
345,Amabelle,Hollindale,ahollindale9k@wix.com,Des Moines,Iowa,Chevrolet,Astro,1993,1GYFK53249R294200
346,Idette,Trayes,itrayes9l@baidu.com,Richmond,Virginia,Kia,Sedona,2012,1D4RD4GG9BC196918
347,Noah,Foulks,nfoulks9m@squarespace.com,Tulsa,Oklahoma,Chevrolet,Sportvan G30,1993,WBA1J7C51EV671802
348,Roselia,Lyffe,rlyffe9n@icio.us,Louisville,Kentucky,Cadillac,STS-V,2006,JN1CV6AP5DM554780
349,Giffer,Dyde,gdyde9o@sogou.com,Boston,Massachusetts,Audi,100,1990,1FTWW3B50AE629603
350,Peterus,Bridgeman,pbridgeman9p@typepad.com,Fort Wayne,Indiana,Mitsubishi,GTO,1993,1N6AD0CU4CC789311
351,Constantine,Gainsborough,,Nashville,Tennessee,Chevrolet,Corsica,1994,WBAGN83585D341441
352,Derick,Doumenc,ddoumenc9r@mapquest.com,Kansas City,Kansas,Bentley,Continental GTC,2008,2HKRM3H37FH179838
353,Pollyanna,Moncreif,pmoncreif9s@4shared.com,Omaha,Nebraska,Porsche,Cayenne,2005,3D7JV1EP1BG786817
354,Calla,Lindner,clindner9t@e-recht24.de,Panama City,Florida,Ford,Expedition,2000,1YVHZ8BA5A5892886
355,Maison,Eddy,meddy9u@usnews.com,Memphis,Tennessee,Mitsubishi,3000GT,1995,5N1AZ2MG2FN222365
356,Letti,Noquet,lnoquet9v@list-manage.com,Oxnard,California,Ford,Probe,1996,JN1AZ4EH3BM300775
357,Fraze,Crellim,fcrellim9w@usda.gov,Longview,Texas,Ford,Excursion,2003,WAUHFBFL2CN191374
358,Patrice,Wenban,pwenban9x@narod.ru,Clearwater,Florida,Dodge,Ram Van 3500,2002,2G4GT5GC9B9340271
359,Rabi,Holley,,Akron,Ohio,GMC,Envoy XUV,2004,JM1NC2JF4C0097106
360,Alex,Domanek,adomanek9z@ox.ac.uk,Los Angeles,California,Chevrolet,Camaro,1973,1GYS4AEF3CR885529
361,Rahal,Chazotte,rchazottea0@ucla.edu,San Francisco,California,Subaru,Loyale,1990,1D4PU6GX7AW238941
362,Taddeusz,Tayloe,ttayloea1@bbc.co.uk,El Paso,Texas,Pontiac,Firebird,1997,1C4AJWAG4FL430489
363,Roi,Stancliffe,rstancliffea2@drupal.org,Houston,Texas,Cadillac,Fleetwood,1996,1G6AH5SX2D0711972
364,Gretel,Handke,ghandkea3@wikipedia.org,Pasadena,California,Ford,Falcon,1966,WA1BV74L57D231013
365,Dasha,Corbally,dcorballya4@xing.com,Jackson,Mississippi,Lotus,Exige,2004,WBAVA33578P579855
366,Cammie,Kenford,ckenforda5@zimbio.com,Glendale,California,Ford,LTD Crown Victoria,1993,WAUML44D03N585809
367,Nissy,Crack,ncracka6@blog.com,Tampa,Florida,Dodge,Grand Caravan,2003,1G6AB5RX1D0327897
368,Kristi,Jessep,kjessepa7@answers.com,Topeka,Kansas,Volvo,960,1992,JN8AS5MT1CW135641
369,Cecilla,Lindgren,clindgrena8@cbc.ca,Louisville,Kentucky,Mazda,Mazda6 5-Door,2006,YV440MBDXF1651208
370,Timi,Seldner,tseldnera9@columbia.edu,Oklahoma City,Oklahoma,Mitsubishi,Mirage,2000,JN1CV6EK0FM692177
371,Daphna,Naper,,Phoenix,Arizona,Volkswagen,Cabriolet,1985,WAUHFAFL2CA923083
372,Winfield,Claxson,wclaxsonab@phpbb.com,San Rafael,California,Ford,Bronco,1987,2C4JDGAG1CR300170
373,Massimo,Luto,mlutoac@wunderground.com,Waterloo,Iowa,Chevrolet,Corvette,1988,KM8JT3AF4FU255389
374,Benni,Gingle,bginglead@livejournal.com,Cleveland,Ohio,Chrysler,Sebring,2005,2LMHJ5ATXCB672611
375,Kenneth,Gartell,kgartellae@jiathis.com,Conroe,Texas,Chevrolet,Camaro,1982,1D7CW2BK6AS515800
376,Sandi,Adshad,sadshadaf@sbwire.com,San Jose,California,Ford,Flex,2011,1GD02ZCG7DZ394472
377,Anna-maria,Bartleet,abartleetag@cnn.com,Frankfort,Kentucky,Dodge,Dakota,2009,3GTXKYEJ8AG407103
378,Luca,Lockyear,llockyearah@prnewswire.com,Orange,California,GMC,Sonoma,1996,WAUDF48H78K091380
379,Emlyn,Kerss,ekerssai@istockphoto.com,Phoenix,Arizona,Dodge,Magnum,2005,1G6DA8EY6B0342179
380,Marieann,Cheeke,mcheekeaj@live.com,Muncie,Indiana,Mercury,Lynx,1985,2T1BU4EE5CC935694
381,Devin,Powdrill,dpowdrillak@mtv.com,Toledo,Ohio,MINI,Cooper,2009,1GD11ZCGXBF086685
382,Torre,Blune,tbluneal@engadget.com,Saint Louis,Missouri,Lexus,HS,2011,1FTEX1CM4BF657726
383,Ruben,Tittletross,rtittletrossam@woothemes.com,Bronx,New York,Scion,tC,2011,WAUDF58E95A550146
384,Orland,Maidens,omaidensan@altervista.org,Saint Paul,Minnesota,Toyota,Prius,2011,SALWG2VF2FA593127
385,Lucilia,Martino,lmartinoao@hc360.com,Decatur,Georgia,Toyota,Camry,1996,JTDZN3EU8D3509957
386,Edik,Coo,,Maple Plain,Minnesota,BMW,5 Series,2000,5GAKVAED7CJ268023
387,Stefano,Beeckx,sbeeckxaq@deliciousdays.com,San Luis Obispo,California,Eagle,Talon,1996,WAUJC68E45A004873
388,Theodor,Shakesby,tshakesbyar@google.ru,Hicksville,New York,Ford,Ranger,1990,1D4PT7GX5AW670310
389,Lilllie,Mackney,,Peoria,Arizona,Hyundai,XG350,2004,WBSBL93451J252043
390,Ignacius,Sinderland,isinderlandat@globo.com,Brooklyn,New York,Ford,Taurus,1992,JN8AE2KPXE9853802
391,Wilone,Volleth,wvollethau@goo.gl,New York City,New York,Nissan,Maxima,2007,1C6RD7NT7CS368957
392,Chrissy,Stammler,,Duluth,Georgia,Mercury,Cougar,1993,4JGBF2FE3BA925323
393,Catherina,Kellington,ckellingtonaw@ovh.net,Lubbock,Texas,Jeep,Liberty,2011,1VWAH7A35CC682873
394,Shellysheldon,O'Growgane,sogrowganeax@meetup.com,Saint Louis,Missouri,Nissan,Altima,2006,19UUA9F24EA737569
395,Kamillah,Maggiore,kmaggioreay@who.int,Spring,Texas,Toyota,Camry Hybrid,2009,SCBBB7ZH1DC253260
396,Elmore,Veart,eveartaz@w3.org,Pensacola,Florida,Porsche,911,2005,1G4GE5E33CF348002
397,Konrad,De Filippi,kdefilippib0@china.com.cn,Kansas City,Missouri,Chevrolet,Lumina,1998,2G4WS52JX41734304
398,Cahra,Bratt,cbrattb1@disqus.com,San Antonio,Texas,Infiniti,G,2005,4A31K3DT5CE421107
399,Marga,Milesap,mmilesapb2@unc.edu,Dallas,Texas,Lamborghini,Murciélago LP640,2008,WAUDH74F26N228656
400,Corella,Broomfield,cbroomfieldb3@bloglines.com,Baltimore,Maryland,Nissan,Maxima,1993,SCFEBBBK0BG686546
401,Rhona,Pamplin,rpamplinb4@about.me,Harrisburg,Pennsylvania,GMC,Savana 3500,2008,2T1KE4EEXCC495565
402,Weidar,Barok,wbarokb5@youtube.com,Bryan,Texas,Pontiac,Grand Prix,1969,WVWED7AJ5DW836478
403,Luca,Magauran,,Jackson,Tennessee,Cadillac,XLR,2005,WAUWFAFR2AA197718
404,Madeleine,Burgyn,mburgynb7@bandcamp.com,Roanoke,Virginia,Saab,5-Sep,2001,SCBFR7ZA4DC788471
405,Nester,Hindshaw,nhindshawb8@moonfruit.com,Washington,District of Columbia,Land Rover,Range Rover,1987,1N6AF0KY4EN991362
406,Eadmund,Hoffner,ehoffnerb9@reuters.com,Charlotte,North Carolina,Toyota,Matrix,2004,WAUEF78E46A422107
407,Mechelle,Kenneway,mkennewayba@digg.com,Kansas City,Missouri,Jeep,Liberty,2003,1GYS3UKJ5FR691960
408,Georgeanna,Boland,gbolandbb@dmoz.org,Rochester,New York,Subaru,Impreza,2000,WBAWC33547P579888
409,Renaud,Fedynski,rfedynskibc@accuweather.com,Fort Smith,Arkansas,Jaguar,XK,2008,1G6DK5EG3A0588298
410,Renata,O'Rudden,roruddenbd@narod.ru,Abilene,Texas,Nissan,Maxima,1990,WBA3A5G53DN111818
411,Conney,Matschoss,,Carol Stream,Illinois,Mitsubishi,Montero,1994,1FMEU5DE4AU830495
412,Gabbi,Hawket,ghawketbf@fc2.com,Memphis,Tennessee,Pontiac,Bonneville,1996,WBAFU9C52BC532729
413,Wrennie,Kytter,wkytterbg@sphinn.com,Chesapeake,Virginia,Nissan,Maxima,1999,1C4RDJDGXEC037958
414,Rudyard,Keyzman,rkeyzmanbh@spotify.com,Trenton,New Jersey,Honda,Element,2006,JN1AZ4EH6BM246128
415,Reggie,Iacobetto,riacobettobi@boston.com,Washington,District of Columbia,Chevrolet,Suburban 1500,2004,JM3TB2BA9E0513416
416,Michaela,Shekle,msheklebj@nymag.com,Fresno,California,Lincoln,Town Car,1995,5TDDK3DC2FS821219
417,Hakim,Lander,hlanderbk@china.com.cn,Fort Lauderdale,Florida,Mitsubishi,Montero,1996,2C3CCAAG5FH871040
418,Graig,Darque,gdarquebl@hubpages.com,Fort Collins,Colorado,Ford,Mustang,1987,JTHBK1EG4A2268133
419,Brendon,McCrae,bmccraebm@geocities.com,Hartford,Connecticut,Plymouth,Grand Voyager,1998,WBADT43402G148042
420,Christy,Scrogges,cscroggesbn@kickstarter.com,Mountain View,California,Ford,Taurus,2006,WBA3B1G54EN581461
421,Serene,Brittian,sbrittianbo@amazon.de,Portland,Oregon,Honda,Civic,1990,WBAVM1C52FV092602
422,Darill,Zecchetti,dzecchettibp@cyberchimps.com,Boulder,Colorado,Mitsubishi,Truck,1996,1N6AF0LY7FN757958
423,Rozamond,Meagher,rmeagherbq@loc.gov,Katy,Texas,Oldsmobile,Ciera,1992,1FMJU1G55AE392650
424,Nate,Bessett,nbessettbr@cnbc.com,Fullerton,California,Jeep,Cherokee,1998,4USBU53596L099372
425,Haze,Munt,hmuntbs@latimes.com,Phoenix,Arizona,Porsche,928,1989,WAU4GAFB5AN472112
426,Roderigo,Duran,rduranbt@cloudflare.com,Seattle,Washington,Infiniti,G,2002,1N6AA0ED9FN492498
427,Annette,Fairhurst,afairhurstbu@lulu.com,Miami,Florida,BMW,X3,2008,JTJBC1BA2B2776825
428,Arnie,Akred,aakredbv@t-online.de,Pittsburgh,Pennsylvania,Suzuki,Swift,1996,1GT020CG8EF541644
429,Stanislas,Krochmann,skrochmannbw@drupal.org,Decatur,Georgia,Chevrolet,Camaro,1993,WAUDFAFC6FN091906
430,Kahaleel,Brecknall,kbrecknallbx@yellowbook.com,Miami,Florida,Kia,Sephia,1994,4T1BF1FK7CU251192
431,Gawen,McGaffey,gmcgaffeyby@hp.com,Winston Salem,North Carolina,Porsche,Boxster,2006,1FMJK1G56CE931401
432,Karlik,Jopling,kjoplingbz@amazonaws.com,Sacramento,California,GMC,Canyon,2010,WBSKG9C50DE586975
433,Claudina,Salling,csallingc0@over-blog.com,Jefferson City,Missouri,Honda,CR-V,1998,WAULV44E37N856186
434,Maura,Rillett,mrillettc1@nydailynews.com,Escondido,California,Buick,Regal,1987,1GYS4EEJ3CR369800
435,Caz,Birchwood,cbirchwoodc2@blogger.com,Lake Worth,Florida,Dodge,Neon,2002,WBAUL7C53CV354978
436,Gail,Haddington,ghaddingtonc3@ask.com,New Orleans,Louisiana,BMW,3 Series,1997,WAUAF98E65A133142
437,Adriena,Artrick,aartrickc4@naver.com,Kansas City,Missouri,Saturn,VUE,2010,KM8NU4CCXAU253937
438,Earl,Lefever,elefeverc5@abc.net.au,San Antonio,Texas,GMC,Safari,2001,KMHEC4A47BA183122
439,Barty,Otteridge,,Englewood,Colorado,Mercedes-Benz,G-Class,2008,2G61W5S88F9056739
440,Padriac,Kenafaque,pkenafaquec7@bloomberg.com,Washington,District of Columbia,Toyota,TundraMax,2009,1GYS3BEF9DR705447
441,Verney,Stubbeley,vstubbeleyc8@cmu.edu,Eugene,Oregon,Toyota,Prius,2002,WBA3A9C57FF410111
442,Lucio,Boxhall,,Springfield,Missouri,Chevrolet,Avalanche,2009,5UXFG8C58AL218472
443,Filmer,Hughlin,fhughlinca@ameblo.jp,Topeka,Kansas,Audi,Q7,2007,WAUDG74F65N645943
444,Celestine,BoHlingolsen,cbohlingolsencb@boston.com,Roanoke,Virginia,Mitsubishi,Galant,2010,WDDNG9FB9CA249142
445,Maitilde,Hymer,mhymercc@cafepress.com,Columbia,Missouri,Mitsubishi,Chariot,1986,JTHBE5C29C5887625
446,Aggi,Judkin,ajudkincd@altervista.org,Seattle,Washington,Lincoln,Mark VII,1992,WP0CB2A86FS355713
447,Herold,Braidwood,hbraidwoodce@rediff.com,Tampa,Florida,Land Rover,LR2,2010,1FTEW1CM0DF920008
448,Ingrid,Trude,itrudecf@phoca.cz,Sacramento,California,Chevrolet,Express 2500,2000,1G6DC8EY9B0389040
449,Mada,Copner,mcopnercg@omniture.com,Buffalo,New York,Lincoln,Navigator L,2011,WBSBR93453P514769
450,Marve,Paoli,mpaolich@nytimes.com,Lubbock,Texas,Chevrolet,Tahoe,2001,KMHTC6AD7CU330638
451,Ferd,Chaffyn,fchaffynci@java.com,Memphis,Tennessee,Volkswagen,Golf III,1994,WAUKFAFL6BN061094
452,Paxon,Peter,ppetercj@1688.com,Anchorage,Alaska,Chevrolet,3500,1993,2C4JDGAG6CR952993
453,Debbie,Danelet,ddaneletck@va.gov,Washington,District of Columbia,Citroën,CX,1989,WDCYC3HF0EX882350
454,Bearnard,Betonia,bbetoniacl@usda.gov,Brooklyn,New York,Nissan,Armada,2007,2G61U5S38D9955401
455,Reade,Parlatt,rparlattcm@soup.io,Boca Raton,Florida,Plymouth,Voyager,1994,WAUHGAFC3EN596797
456,Karina,Asple,kasplecn@shareasale.com,Rochester,New York,Audi,Cabriolet,1994,WBSDX9C52DJ579350
457,Brunhilde,Fochs,bfochsco@umn.edu,Cambridge,Massachusetts,Subaru,Alcyone SVX,1993,1N6AA0CC7FN838042
458,Carlin,Vlasyev,cvlasyevcp@people.com.cn,Modesto,California,Chevrolet,Blazer,2004,SALGS2DF0DA583732
459,Cassondra,Sheavills,csheavillscq@theglobeandmail.com,Fort Collins,Colorado,Mazda,MX-5,1993,WBALM7C52BE844805
460,Kiri,Titterington,ktitteringtoncr@rambler.ru,Huntington,West Virginia,Land Rover,Range Rover,1989,WAUAF78E18A615123
461,Elianora,Rizzello,erizzellocs@gmpg.org,Saint Louis,Missouri,Mercedes-Benz,SL-Class,1996,2G4GU5GC5B9198109
462,Belvia,Copland,bcoplandct@va.gov,Indianapolis,Indiana,Mitsubishi,Montero,1999,1FADP3E22EL960523
463,Teddy,Fawdery,tfawderycu@moonfruit.com,Long Beach,California,Lexus,CT,2012,SCBLE37G45C262969
464,Sofie,Dykas,sdykascv@blogger.com,Washington,District of Columbia,Lotus,Exige,2006,WVWDB7AJ9EW906566
465,Astrix,Phillips,aphillipscw@list-manage.com,Kissimmee,Florida,Pontiac,Gemini,1988,1G6DC8E52C0627978
466,Dorey,Sharrem,dsharremcx@webmd.com,Inglewood,California,Isuzu,Axiom,2003,WBAVB77568N017195
467,Barris,Crenshaw,bcrenshawcy@hostgator.com,Brooklyn,New York,Ford,Thunderbird,1988,5UXFH0C57AL035546
468,Sybil,Benmore,sbenmorecz@seattletimes.com,Spokane,Washington,Subaru,Tribeca,2007,1VWAP7A31EC158951
469,Rebecka,Giovanitti,rgiovanittid0@yahoo.com,Nashville,Tennessee,Honda,Fit,2008,1G6DK5EG8A0229481
470,Giordano,Crackett,,San Antonio,Texas,Mitsubishi,Galant,1999,2B3CJ7DJ7BH983880
471,Leland,Biggs,lbiggsd2@aboutads.info,South Bend,Indiana,Chevrolet,Suburban 2500,1996,1GD022CG7CZ749260
472,Cassy,Eyton,ceytond3@weather.com,Brooklyn,New York,Acura,TSX,2010,1D7RE2BK7BS909885
473,Cymbre,Thresh,cthreshd4@java.com,Saint Petersburg,Florida,Nissan,Sentra,2001,2C4RRGAG2DR151659
474,Alexandro,Emslie,aemslied5@ebay.com,Fort Lauderdale,Florida,Mercedes-Benz,W201,1984,WBALZ5C51CD275393
475,Grady,Gudgion,,Marietta,Georgia,Lotus,Elise,2004,1FADP5AU7EL766072
476,Elwyn,Dronsfield,edronsfieldd7@fda.gov,Shreveport,Louisiana,Chevrolet,Suburban 1500,1992,KMHTC6AD3DU001789
477,Giselle,Shalders,gshaldersd8@google.de,Ventura,California,Suzuki,Daewoo Lacetti,2004,WDDEJ7EB8CA635297
478,Sumner,Jedraszczyk,sjedraszczykd9@nyu.edu,Washington,District of Columbia,Jeep,Cherokee,1992,1G4GA5ER9CF978509
479,Susana,Gunner,sgunnerda@skyrock.com,New Orleans,Louisiana,Audi,80,1991,WDDEJ7EB9BA219080
480,Rafaellle,Braid,rbraiddb@ihg.com,Albuquerque,New Mexico,Chevrolet,Astro,2004,JTJBM7FX4E5154387
481,Trudie,Rozzell,trozzelldc@squidoo.com,Phoenix,Arizona,Honda,Civic,2003,WAULD54B83N496955
482,Bayard,O'Spellissey,bospellisseydd@tumblr.com,Erie,Pennsylvania,Audi,TT,2011,1FTEX1EWXAF773915
483,Currey,Barfield,cbarfieldde@dell.com,Tacoma,Washington,Acura,TSX,2011,WAUWGAFBXBN128351
484,Edita,Heffy,eheffydf@ameblo.jp,Panama City,Florida,Chevrolet,Equinox,2010,WBAUU3C56BA426204
485,Margot,Dax,mdaxdg@1und1.de,Washington,District of Columbia,Foose,Hemisfear,2007,1G6KA5EY4AU168769
486,Fara,Grishaev,fgrishaevdh@baidu.com,Kansas City,Missouri,Volvo,740,1992,JN8AZ1MU6CW771663
487,Ced,Thurlby,cthurlbydi@wsj.com,Saint Louis,Missouri,Mercedes-Benz,500SEC,1993,2T1BURHE2EC729924
488,Luise,Puvia,lpuviadj@webmd.com,Fort Lauderdale,Florida,Dodge,Ram Van B250,1994,WAUVC68E44A074163
489,Emelia,Drinkwater,edrinkwaterdk@dropbox.com,Jersey City,New Jersey,Dodge,Grand Caravan,2010,JTEBU5JR6D5499205
490,Dur,Redholes,dredholesdl@soup.io,Kingsport,Tennessee,Chevrolet,Astro,1995,WA1VFAFL3EA283694
491,Demott,Brotherhed,dbrotherheddm@examiner.com,Oklahoma City,Oklahoma,BMW,750,2006,WA1CFBFPXBA858126
492,Ali,Beincken,abeinckendn@g.co,Kansas City,Missouri,GMC,Sonoma,2003,WBAUT9C50CA506329
493,Valera,Maberley,vmaberleydo@canalblog.com,Evansville,Indiana,Buick,Park Avenue,1996,5UXFE83579L466570
494,Joell,McFeate,jmcfeatedp@virginia.edu,Grand Rapids,Michigan,Cadillac,Allante,1992,WAUSGAFB6AN010696
495,Nita,Naulls,nnaullsdq@microsoft.com,Santa Monica,California,Alfa Romeo,Spider,1994,SALAF2D46AA102399
496,Con,Gilstoun,cgilstoundr@cbslocal.com,Honolulu,Hawaii,Saturn,S-Series,2001,1G6DP577450807595
497,Emylee,Bocken,ebockends@google.com,Stockton,California,Cadillac,Sixty Special,1993,KMHEC4A43DA594102
498,Edith,Lendrem,elendremdt@live.com,Evansville,Indiana,Honda,Accord Crosstour,2011,WAUNF98P87A878027
499,Peggy,Standish-Brooks,pstandishbrooksdu@who.int,Valdosta,Georgia,Pontiac,Vibe,2008,JTDZN3EU7E3928139
500,Brandice,Dono,bdonodv@pcworld.com,Fort Worth,Texas,Audi,A4,1997,WDDHF2EB2BA266260
501,Alain,Calway,acalwaydw@engadget.com,Sarasota,Florida,Mercury,Villager,1997,1VWAH7A32CC859721
502,Cam,Paiton,,Saint Petersburg,Florida,BMW,530,2003,3TMJU4GN8DM743994
503,Erika,Speers,espeersdy@quantcast.com,Washington,District of Columbia,Dodge,Dakota Club,1993,3D73Y4HL0BG041888
504,Mella,Glencrash,mglencrashdz@japanpost.jp,Madison,Wisconsin,Hyundai,XG350,2003,1N4AB7AP2DN470404
505,Hadleigh,Jillitt,hjillitte0@blogtalkradio.com,New York City,New York,Ford,Escort,1990,SCBDP3ZAXBC110004
506,Eugenio,Greatham,egreathame1@mozilla.com,Baltimore,Maryland,Dodge,Dakota,2001,1C3CDZBG3EN703932
507,Alberto,Gregolotti,agregolottie2@moonfruit.com,Lake Worth,Florida,Isuzu,Amigo,1999,WBAWC73518E881496
508,Ase,Garthside,agarthsidee3@shop-pro.jp,Pasadena,Texas,Mitsubishi,Truck,1991,WAUGL78E65A059955
509,Patti,Latek,,Reno,Nevada,Honda,del Sol,1997,TRUB3AFK3D1845882
510,Kipp,Bartunek,kbartuneke5@archive.org,Washington,District of Columbia,Dodge,Nitro,2007,1FMCU0D76AK028456
511,Martie,McConigal,,Minneapolis,Minnesota,Ford,Ranger,1989,WA1LGAFE5CD877818
512,Homerus,Prangle,hpranglee7@techcrunch.com,Lexington,Kentucky,Chevrolet,Blazer,2002,5N1AN0NU4AC670941
513,Felipe,Odger,fodgere8@utexas.edu,Pittsburgh,Pennsylvania,Ford,Bronco,1986,5TFBY5F14DX919804
514,Malina,Feaveer,mfeaveere9@cdc.gov,Washington,District of Columbia,Nissan,Titan,2004,JA32X2HU1EU596709
515,Reggis,Douberday,rdouberdayea@mail.ru,Spartanburg,South Carolina,Dodge,Ram 2500,2000,1GYS3DEFXER154264
516,Millard,Baynham,mbaynhameb@prnewswire.com,Colorado Springs,Colorado,Mercedes-Benz,E-Class,1991,19VDE1F32FE328698
517,Faith,Duckham,fduckhamec@sitemeter.com,Springfield,Ohio,Ford,Econoline E150,1995,1G6DB1ED9B0647631
518,Darla,Adamovsky,,Columbia,Missouri,Mercedes-Benz,SL-Class,2001,NM0KS9BN5BT202881
519,Nikolos,Mordan,,Oakland,California,Volkswagen,Passat,1995,1C6RD6MT1CS700712
520,Ardeen,Harmston,,Johnstown,Pennsylvania,Hyundai,Accent,2003,2T2BK1BA0FC206766
521,Doralyn,Riepel,driepeleg@nba.com,Oklahoma City,Oklahoma,Buick,Regal,2000,WAUDL94F15N674029
522,Bronson,Armatys,barmatyseh@independent.co.uk,Honolulu,Hawaii,Nissan,Quest,2000,JM1NC2EF9A0871079
523,Dore,Mattiuzzi,,Metairie,Louisiana,BMW,Z3,2001,1G6ET12951B545635
524,Justino,Styche,jstycheej@gizmodo.com,Charleston,West Virginia,Lexus,LS,2002,1G6DJ5E39D0141494
525,Raoul,Ammer,rammerek@tamu.edu,Wichita,Kansas,Rolls-Royce,Phantom,2010,1FBNE3BL1DD694553
526,Chas,Veart,cveartel@github.io,Daytona Beach,Florida,GMC,Savana 1500,1997,WA1WMAFE6AD994181
527,Wilone,Winchcombe,wwinchcombeem@shareasale.com,Washington,District of Columbia,Mercedes-Benz,Sprinter 2500,2011,1GTG5BE38F1725217
528,Madge,Flintoft,mflintoften@google.es,New Orleans,Louisiana,Toyota,RAV4,1997,VNKJTUD34FA013304
529,Leoine,Trudgian,ltrudgianeo@comsenz.com,Minneapolis,Minnesota,Subaru,Impreza,2011,3D73Y4CL1BG967840
530,Tommie,Vardon,tvardonep@about.me,Denver,Colorado,Volkswagen,Corrado,1991,1FTEW1CM4CK055906
531,Niki,Balfour,nbalfoureq@google.co.uk,Lincoln,Nebraska,Hyundai,Accent,2002,JN8AZ1FYXEW526321
532,Marchelle,Menere,mmenereer@reuters.com,Brooksville,Florida,Audi,90,1993,WAUDFBFC9CN722505
533,Gianina,O' Mulderrig,gomulderriges@1688.com,Houston,Texas,Kia,Sportage,2005,JA4AP3AU4CZ570693
534,Rosene,Bearns,rbearnset@biglobe.ne.jp,Sacramento,California,Lexus,IS-F,2011,WUATNAFGXBN006227
535,Sal,Crisall,scrisalleu@virginia.edu,Kansas City,Missouri,Lexus,GS,2000,WBALW7C54ED322519
536,Nannette,Blowen,nblowenev@goodreads.com,Sioux Falls,South Dakota,Mitsubishi,Galant,2012,WBA3B5C53FF548122
537,Carolus,Gerb,cgerbew@bloglovin.com,Arlington,Texas,Land Rover,Range Rover,2002,KNADM4A3XD6097679
538,Drona,McGonigle,dmcgonigleex@cbslocal.com,High Point,North Carolina,Mitsubishi,i-MiEV,2012,1G4GA5GR5DF544988
539,Tiff,Landall,tlandalley@hhs.gov,Canton,Ohio,Subaru,Impreza,2008,WBAVM5C5XEV704471
540,Jacky,Aishford,jaishfordez@chronoengine.com,Bronx,New York,Mazda,MX-5,2011,3C3CFFJH4FT666975
541,Rene,Arndtsen,rarndtsenf0@ted.com,Hayward,California,Chevrolet,Express 2500,2000,5UMCN93402L557988
542,Cybil,Ansty,canstyf1@altervista.org,Southfield,Michigan,Infiniti,QX,2003,1FTEX1EW9AK626069
543,Mata,Riggert,mriggertf2@goodreads.com,Chicago,Illinois,Chevrolet,G-Series 2500,1996,3VW507AT2FM519092
544,Bennie,Frapwell,bfrapwellf3@macromedia.com,Nashville,Tennessee,Dodge,Avenger,2010,2C3CDXHG7FH419015
545,Curcio,Farrall,,Toledo,Ohio,Chevrolet,Avalanche,2012,2T2BK1BA4FC727568
546,Lyndsey,McNelis,lmcnelisf5@thetimes.co.uk,Houston,Texas,Dodge,D350 Club,1992,1FTMF1CW1AK281265
547,Allx,Lowdham,alowdhamf6@opensource.org,Indianapolis,Indiana,Toyota,Sequoia,2010,1C4RJEAG0CC869388
548,Laney,Rathborne,,Vancouver,Washington,Pontiac,Grand Prix,1969,2HKRM3H50DH051892
549,Thornton,Ligertwood,tligertwoodf8@narod.ru,Mesa,Arizona,Mitsubishi,Eclipse,2005,2LNBL8CV6AX255899
550,Gladys,Burdekin,gburdekinf9@ucoz.com,Flushing,New York,Toyota,Sequoia,2001,WAUEFAFLXFN439081
551,Reggi,Cryer,rcryerfa@bigcartel.com,Lancaster,Pennsylvania,Toyota,Camry,2006,1FTEX1CM9DF232053
552,Carlin,Erangy,cerangyfb@vkontakte.ru,San Antonio,Texas,Honda,Odyssey,1999,1G4PR5SK0D4014099
553,Ludovika,Molden,lmoldenfc@npr.org,Huntsville,Alabama,Ford,F250,1999,2T3BFREV6EW629202
554,Pearle,Goadbie,,Aurora,Colorado,Oldsmobile,Bravada,1997,1C6RD7LP3CS948020
555,Em,Waleworke,ewaleworkefe@unblog.fr,Huntsville,Texas,Nissan,Quest,2008,YV1612FH0E1798222
556,Susette,Ferrucci,sferrucciff@eventbrite.com,Washington,District of Columbia,Volkswagen,GTI,1998,WBABS53431E410176
557,Lauree,Notman,,San Francisco,California,Hyundai,Sonata,1996,2D4RN7DG5BR468357
558,Virgie,Sancroft,vsancroftfh@addthis.com,San Antonio,Texas,Pontiac,Bonneville,1967,WBABS53401E265100
559,Balduin,Wandless,bwandlessfi@photobucket.com,Atlanta,Georgia,Subaru,Legacy,2012,KNAFU6A21C5652518
560,Logan,Clapshaw,lclapshawfj@hatena.ne.jp,Memphis,Tennessee,Dodge,Caliber,2007,WP0CA2A8XFK214484
561,Godfrey,Loomes,gloomesfk@cdbaby.com,Huntington,West Virginia,Honda,Civic,1997,JN1CV6EK7CM840143
562,Armando,Audiss,aaudissfl@pen.io,Brooklyn,New York,Toyota,FJ Cruiser,2007,WBANF335X6B298225
563,Neala,Huckerby,nhuckerbyfm@psu.edu,Des Moines,Iowa,Audi,S8,2003,WBAVB73558V916801
564,Fiorenze,Fleis,ffleisfn@comcast.net,Stamford,Connecticut,Mercedes-Benz,E-Class,2004,SCBBR93W88C566097
565,Andrey,Van't Hoff,avanthofffo@cdc.gov,Chicago,Illinois,Acura,CL,1997,WAUJC58E02A338002
566,Rosalynd,Avo,ravofp@unc.edu,Salt Lake City,Utah,Mazda,Navajo,1992,3C3CFFHH8ET191965
567,Maxie,Kordt,,Buffalo,New York,BMW,330,2006,1LNHL9DK2DG029289
568,Florry,Mougeot,fmougeotfr@goodreads.com,Denver,Colorado,Ford,Crown Victoria,2009,2C3CCAHG7CH845024
569,Gordan,Odda,,Irvine,California,Cadillac,Escalade,2006,SCFEBBAK5DG216307
570,Mariya,Trelevan,mtrelevanft@delicious.com,Sacramento,California,Suzuki,SJ,1993,KMHCM3AC9AU639222
571,Lorry,MacGinlay,lmacginlayfu@jugem.jp,Portsmouth,Virginia,Jaguar,X-Type,2007,JN8AE2KP6B9756110
572,Rainer,Dunbobin,rdunbobinfv@jiathis.com,Portland,Maine,Lexus,SC,2007,1HGCR2F37DA209673
573,Dotti,Benzies,dbenziesfw@engadget.com,Albany,New York,Chevrolet,Tahoe,1995,1N6AD0CUXDN259656
574,Corey,Vogele,cvogelefx@skype.com,New York City,New York,Ford,Ranger,2002,1G4HR54KX24825858
575,Kittie,O' Driscoll,kodriscollfy@fema.gov,Jacksonville,Florida,Infiniti,EX,2011,WAUGU54D61N352756
576,Robby,Vickar,,Van Nuys,California,Toyota,Corolla,2003,1FTEW1E88AF243656
577,Annnora,Jablonski,ajablonskig0@aboutads.info,Colorado Springs,Colorado,Saturn,VUE,2005,WBAHN03597D478784
578,Olympie,Lauritzen,olauritzeng1@ebay.co.uk,Ocala,Florida,Hummer,H3,2007,JN1CV6FE5FM898247
579,Teressa,Boswell,tboswellg2@unblog.fr,Salt Lake City,Utah,Mazda,RX-7,1990,KNAFU5A21D5685885
580,Tudor,Ayris,tayrisg3@liveinternet.ru,Farmington,Michigan,Mazda,Mazda6,2012,WAULC68E72A342174
581,Jessi,McCreadie,jmccreadieg4@mozilla.com,Chula Vista,California,Suzuki,Grand Vitara,2006,KL4CJHSBXDB281610
582,Jacquetta,Murname,jmurnameg5@bbc.co.uk,Saint Petersburg,Florida,Acura,TL,2004,SCFEBBAK0BG792965
583,Fielding,Verzey,fverzeyg6@wsj.com,Spokane,Washington,Dodge,D250 Club,1992,WA1VMBFP5EA710209
584,Shelagh,Duigan,sduigang7@mysql.com,Miami,Florida,Jeep,Patriot,2010,WAUHF78P26A760359
585,Ilysa,Suggey,isuggeyg8@bandcamp.com,Peoria,Illinois,Subaru,Outback,2012,1GKS1HE01CR464626
586,Rodney,Butcher,rbutcherg9@irs.gov,Scranton,Pennsylvania,Ford,Escort,1986,WBAKF3C50BE329610
587,Myrah,Vannini,mvanniniga@cnbc.com,Cleveland,Ohio,Mazda,323,1993,SCBCR73W37C932040
588,Shepard,Hargreves,shargrevesgb@nih.gov,Boise,Idaho,Ford,Torino,1970,WBAVS13558F170292
589,Daffi,Honniebal,dhonniebalgc@vkontakte.ru,Los Angeles,California,Mitsubishi,Galant,1986,19UUA65566A874167
590,Sly,Favell,,San Diego,California,GMC,Rally Wagon 3500,1992,WBAFR9C53CC165200
591,Barbe,Manns,bmannsge@nbcnews.com,West Hartford,Connecticut,Mitsubishi,Lancer Evolution,2004,1FMJK1G5XBE117685
592,Elissa,Alexis,ealexisgf@imageshack.us,Waco,Texas,Volvo,V90,1997,WAUFGBFB3AN448860
593,Shawn,Cannon,scannongg@google.com.br,Columbus,Mississippi,Toyota,Highlander,2009,4JGDA0EB8FA338429
594,Bob,Grunwald,bgrunwaldgh@slate.com,Newton,Massachusetts,Toyota,Sequoia,2012,3VWKZ7AJ8BM398425
595,Lynnet,Thomann,lthomanngi@sitemeter.com,Oklahoma City,Oklahoma,BMW,8 Series,1994,WP0AB2A92AS900265
596,Norman,Melledy,,Phoenix,Arizona,Ford,GT500,2007,JH4NA12644T367271
597,Atalanta,Guislin,aguislingk@berkeley.edu,Fort Lauderdale,Florida,Volkswagen,Passat,1998,WAUAH74F18N761667
598,Lora,Tonks,ltonksgl@reddit.com,Temple,Texas,BMW,3 Series,2010,1FMCU0C72AK573930
599,Ophelia,Woodhall,owoodhallgm@usa.gov,Santa Barbara,California,Porsche,911,1989,1VWAH7A32DC249447
600,Ellen,Gaynes,egaynesgn@deliciousdays.com,El Paso,Texas,Chevrolet,Avalanche,2002,3N1AB6AP0CL261619
601,Lauryn,Ryrie,lryriego@ftc.gov,Milwaukee,Wisconsin,Mercedes-Benz,CL-Class,2006,WA1AV94L57D759030
602,Cherise,Coskerry,,Columbus,Ohio,Lincoln,Navigator,2012,JHMFA3F21BS622713
603,Ritchie,Whapples,rwhapplesgq@clickbank.net,Chicago,Illinois,Acura,Integra,1999,WBAKE5C53DJ059958
604,Lek,Bestwall,lbestwallgr@google.com,Inglewood,California,Mazda,MX-5,1991,WAUDH78E98A464619
605,Lorna,Tanswell,ltanswellgs@bandcamp.com,Sacramento,California,Dodge,Challenger,2009,1C3CC5FBXAN006875
606,Courtney,Kern,ckerngt@free.fr,Fairbanks,Alaska,Toyota,4Runner,2001,WAUBH78E86A182749
607,Garvy,Lessmare,glessmaregu@shinystat.com,Portsmouth,New Hampshire,Volkswagen,Jetta,2000,1FTEW1CW9AK066690
608,Kaye,Weale,kwealegv@wiley.com,Spokane,Washington,Ford,Taurus,2003,3VWKX7AJ3CM556211
609,Rozalin,Stancliffe,rstancliffegw@creativecommons.org,Atlanta,Georgia,Volkswagen,Cabriolet,2000,WAUDT48H66K788173
610,Dillon,Schukert,,Madison,Wisconsin,Chevrolet,Beretta,1994,1D7RV1CT2BS348660
611,Kamila,McCaster,,Fort Worth,Texas,Audi,A3,2006,JTDKN3DU1B0294729
612,Eldon,Dobbyn,,Charleston,West Virginia,Mercury,Cougar,1997,SALCR2BG8FH533029
613,Isa,Campion,icampionh0@comsenz.com,Reston,Virginia,Volkswagen,Eos,2010,WBAWC7C57AE084854
614,Roxana,Matchell,rmatchellh1@wunderground.com,Austin,Texas,Volkswagen,Passat,2007,WBAPK5C51BA482162
615,Ryon,Chitham,rchithamh2@indiatimes.com,Charleston,West Virginia,Mercedes-Benz,CL-Class,2005,2C4RVAAG2CR238503
616,Alexi,Smitherman,,Tulsa,Oklahoma,Pontiac,Bonneville,1985,WA1C8AFP8EA701056
617,Ezri,Goricke,egorickeh4@redcross.org,Fort Lauderdale,Florida,Nissan,Altima,2007,5NPDH4AE0FH411941
618,Blythe,Venables,bvenablesh5@timesonline.co.uk,Hampton,Virginia,Pontiac,Gemini,1987,WAUGL98E37A240882
619,Gertrude,Hollows,ghollowsh6@mediafire.com,San Bernardino,California,Ford,Explorer,1996,WA1EFCFS9FR653505
620,Darcy,Gendricke,dgendrickeh7@hhs.gov,Atlanta,Georgia,Mitsubishi,Galant,1995,3VW467AT4DM283729
621,Burton,La Vigne,blavigneh8@craigslist.org,San Diego,California,Infiniti,QX,2009,5GAKRAKDXFJ869343
622,Lani,Margeram,lmargeramh9@hud.gov,Des Moines,Iowa,Ford,Laser,1985,1GKS1GKC7FR381344
623,Ferdinand,Monsey,,Clearwater,Florida,Toyota,MR2,1986,1GD312CG1BF082671
624,Ansel,Freund,afreundhb@biglobe.ne.jp,Las Vegas,Nevada,Porsche,928,1985,1N4AL3AP3DC714286
625,Lyle,Mallows,,Homestead,Florida,GMC,Safari,2004,WBABV13426J881055
626,Retha,Lourens,rlourenshd@de.vu,Pittsburgh,Pennsylvania,Volkswagen,Touareg,2011,5FNRL5H21DB295912
627,Constantine,Wapol,cwapolhe@tuttocitta.it,El Paso,Texas,Ford,Expedition,1997,KNDPB3AC7E7774408
628,Gelya,Oakenfield,goakenfieldhf@gov.uk,Waterloo,Iowa,Mercedes-Benz,600SEL,1993,1GD01ZCG4EF670628
629,Harlen,Pierson,hpiersonhg@msu.edu,Austin,Texas,Toyota,Tundra,2005,1GYS4KEF1CR667112
630,Valaree,Charrette,vcharrettehh@privacy.gov.au,Dallas,Texas,Volkswagen,Golf,2000,4T1BF1FK7CU262953
631,Hillel,Behnke,hbehnkehi@theatlantic.com,Brooklyn,New York,Pontiac,Grand Prix,1998,5FRYD4H88FB188509
632,Zilvia,Spore,zsporehj@twitpic.com,Flushing,New York,Pontiac,GTO,1971,JN8AZ2NE6F9538236
633,Alley,Andersch,aanderschhk@google.ca,Columbia,South Carolina,Chevrolet,Malibu,2006,WAURV78T39A624444
634,Daphna,Challicombe,dchallicombehl@answers.com,Vero Beach,Florida,Buick,LeSabre,2005,1GYFK36279R713317
635,Bebe,Wagnerin,bwagnerinhm@meetup.com,Virginia Beach,Virginia,Pontiac,Grand Prix,1993,3GYFNCEY0AS966073
636,Rosie,Odeson,rodesonhn@xing.com,New York City,New York,Audi,4000s Quattro,1986,19VDE2E59DE601321
637,Abigail,Mirams,amiramsho@linkedin.com,Lincoln,Nebraska,Land Rover,Defender 90,1994,JH4CL95984C605810
638,Giacomo,Rowston,growstonhp@i2i.jp,Jackson,Mississippi,Nissan,300ZX,1993,1N6AD0CW1EN493364
639,Gabbie,Maps,gmapshq@marriott.com,Las Vegas,Nevada,Volkswagen,Jetta,2012,1ZVBP8JS6A5953333
640,Helenka,O'Dennehy,hodennehyhr@japanpost.jp,Canton,Ohio,Volkswagen,Jetta,2001,TRUWT28N021946177
641,Petunia,Bendik,pbendikhs@biblegateway.com,Ventura,California,Dodge,Charger,2006,3N1AB6AP3CL840202
642,Ede,Killingback,ekillingbackht@who.int,Pueblo,Colorado,Audi,S6,1995,1GKKRNED7FJ595007
643,Lucinda,Worsfold,lworsfoldhu@unicef.org,Tallahassee,Florida,Mercedes-Benz,S-Class,2003,1FMCU4K31BK383933
644,Umberto,Brittle,ubrittlehv@omniture.com,El Paso,Texas,Mitsubishi,Pajero,1998,WP1AE2A22EL810426
645,Ephraim,Burtwistle,,Columbia,South Carolina,Pontiac,Montana,2001,YV140MAM8F1553535
646,Star,Poltone,spoltonehx@geocities.com,Phoenix,Arizona,Geo,Metro,1996,1GD311CG8FF937009
647,Lyda,Parken,lparkenhy@smh.com.au,Minneapolis,Minnesota,Land Rover,Discovery,2010,WAUHF78P39A081477
648,Denyse,Joseph,djosephhz@issuu.com,Hartford,Connecticut,Lexus,LX,2003,WAUPL68E55A951284
649,Grier,Pele,gpelei0@ox.ac.uk,Miami,Florida,Pontiac,Grand Prix,1988,JTDZN3EU7E3403985
650,Tandie,Hindsberg,thindsbergi1@si.edu,Charlotte,North Carolina,Porsche,968,1992,JTHBL5EF3A5777088
651,Quinn,Pashenkov,qpashenkovi2@who.int,Hampton,Virginia,Isuzu,Trooper,1993,3D7TT2CTXAG424133
652,Blinni,Chapelhow,bchapelhowi3@seattletimes.com,Rochester,New York,BMW,M Roadster,2007,KNAFZ6A36F5981973
653,Dorey,O'Bruen,dobrueni4@e-recht24.de,Johnstown,Pennsylvania,Porsche,968,1995,1D7RB1CT7BS398298
654,Kittie,Deegan,kdeegani5@cdbaby.com,Pensacola,Florida,Chevrolet,LUV,1979,5N1AA0NC9FN086324
655,Theo,Cleal,tcleali6@blogtalkradio.com,San Jose,California,Ford,F350,2012,1D4RE4GG8BC178732
656,Vinny,Kennealy,vkennealyi7@sciencedirect.com,Portland,Oregon,Lexus,LS,1990,WP0CB2A86FS541767
657,Kenon,Leggat,kleggati8@npr.org,Lexington,Kentucky,Mercedes-Benz,300TE,1993,WBAPH5G59AN075965
658,Caryl,Maylin,cmaylini9@ustream.tv,Orlando,Florida,Nissan,240SX,1998,5FNYF3H20CB452402
659,Terrell,Jagson,tjagsonia@unesco.org,Lynchburg,Virginia,Chevrolet,Blazer,1994,1GTCSBD9XA8627884
660,Henrietta,McAuslene,hmcausleneib@cbslocal.com,Bethlehem,Pennsylvania,Toyota,Xtra,1995,WP0AA2A99BS841848
661,Kendrick,Herkess,kherkessic@howstuffworks.com,Tucson,Arizona,Mitsubishi,Lancer,2010,1GYS3JEF1CR824764
662,Torey,Hookes,thookesid@nature.com,Rochester,New York,Ford,Festiva,1988,JHMFB4F24CS685809
663,Lelah,Pendrey,lpendreyie@hostgator.com,Washington,District of Columbia,Mazda,Miata MX-5,1996,WA1BV94L17D366064
664,Ralina,Andrioni,randrioniif@biblegateway.com,San Francisco,California,Chevrolet,Monza,1975,JHMFB4F2XCS606479
665,Annabell,Oakley,,Fort Worth,Texas,Mitsubishi,Pajero,1994,1YVHZ8BA1A5895073
666,Maure,Jarrell,mjarrellih@deviantart.com,Houston,Texas,Oldsmobile,Intrigue,1998,1GD020CG0DZ466897
667,Manda,Camfield,mcamfieldii@yale.edu,Pittsburgh,Pennsylvania,GMC,Rally Wagon G3500,1995,1N6AA0CA4BN213400
668,Bord,Cutajar,bcutajarij@rediff.com,El Paso,Texas,Cadillac,DeVille,1996,5FRYD3H40GB154685
669,Marius,Mustin,,Philadelphia,Pennsylvania,Ford,F-Series,2011,1N6AF0LY5EN946798
670,Kennith,Brockington,kbrockingtonil@quantcast.com,Oklahoma City,Oklahoma,Jeep,Wrangler,2009,WAURVAFA5AN597453
671,Franklyn,Dreier,fdreierim@fotki.com,Albuquerque,New Mexico,Dodge,Ram Van 1500,2000,WBAYM1C50ED611423
672,Blanca,Wesgate,bwesgatein@amazon.com,Washington,District of Columbia,Nissan,Maxima,2000,1C6RD6HT0CS834914
673,Isobel,Plitz,iplitzio@unblog.fr,Cambridge,Massachusetts,Subaru,Impreza,1997,2G4GP5EC6B9784022
674,Leora,Bernardos,lbernardosip@merriam-webster.com,Reno,Nevada,Honda,Odyssey,1997,1N6AA0CC1BN668531
675,Roland,Uglow,ruglowiq@jiathis.com,New Orleans,Louisiana,Chevrolet,Silverado 1500,1999,1GYS3GEF0BR429265
676,Miof mela,Lamba,,Charleston,South Carolina,GMC,Sonoma Club Coupe,1996,1GD322CG6EF187143
677,Christophorus,Teodori,cteodoriis@who.int,Atlanta,Georgia,Mazda,RX-8,2006,3FAHP0JA2AR441898
678,Stirling,Gallico,sgallicoit@rambler.ru,Salt Lake City,Utah,Lincoln,Town Car,1993,5GAER13738J615028
679,Felicdad,Kirdsch,fkirdschiu@wikipedia.org,Albuquerque,New Mexico,Honda,Pilot,2003,WA1DGAFE3DD382877
680,Valeda,Faire,vfaireiv@barnesandnoble.com,Bradenton,Florida,Ford,Courier,1986,WAUHFAFL2EA688378
681,Breanne,Vasyutkin,bvasyutkiniw@bing.com,Lehigh Acres,Florida,Mercedes-Benz,E-Class,2003,5TDBY5G15ES095544
682,Ellery,Trundle,etrundleix@baidu.com,Scranton,Pennsylvania,Mercedes-Benz,SL-Class,2003,2FMDK3AK3EB831164
683,Jefferson,Beggio,,Roanoke,Virginia,Honda,Accord,1991,WBAYA8C53ED990368
684,Judith,Karpov,jkarpoviz@miitbeian.gov.cn,El Paso,Texas,Mazda,MPV,1997,ML32A3HJXFH709276
685,Anitra,Ecclestone,aecclestonej0@ycombinator.com,Sparks,Nevada,Chevrolet,Blazer,1999,WAUDF48H49K466529
686,Quentin,Victor,qvictorj1@canalblog.com,San Jose,California,Chevrolet,HHR,2011,1GYFC36219R871648
687,Mattias,Stern,msternj2@eventbrite.com,Fairbanks,Alaska,Mercedes-Benz,E-Class,2001,1FTWX3A53AE823511
688,Antons,Keig,akeigj3@omniture.com,Lynchburg,Virginia,Isuzu,Trooper,1995,SALFR2BG9EH638173
689,Kordula,Schulze,kschulzej4@lycos.com,Brooklyn,New York,Dodge,Ram Van B150,1992,WUARL48H07K517249
690,Aeriela,Udden,auddenj5@sfgate.com,Baton Rouge,Louisiana,Volkswagen,Eurovan,1993,5TDBM5G1XBS572752
691,Erastus,Kubat,ekubatj6@cdbaby.com,Wichita,Kansas,Ford,Taurus,1992,1G4HP57257U234586
692,Isidro,Vanyard,ivanyardj7@g.co,Columbus,Ohio,Porsche,Cayenne,2005,2C4JRGAGXDR629856
693,Byrle,Wybourne,bwybournej8@wiley.com,Rochester,New York,Volkswagen,Jetta,1991,SALFR2BG9EH399028
694,Graham,Knightley,gknightleyj9@instagram.com,Chicago,Illinois,Toyota,Supra,1998,JN1CV6AP3CM578400
695,Grier,Cronin,gcroninja@sciencedirect.com,Pittsburgh,Pennsylvania,Subaru,Tribeca,2007,1N6AA0CC9BN721833
696,Janeta,Cobb,jcobbjb@newyorker.com,Sioux Falls,South Dakota,Jeep,Wrangler,2000,3GYFNJE34DS051966
697,Bernardina,Walker,,Indianapolis,Indiana,Mercury,Grand Marquis,1989,2G4WC552671795039
698,Whitaker,Bisset,,Olympia,Washington,Toyota,Corolla,2003,WDDHF0EB6EB133021
699,Bettina,Lopez,blopezje@nba.com,Hicksville,New York,Dodge,D150,1992,WBAUP7C57AV408333
700,Mayor,Mouth,mmouthjf@telegraph.co.uk,Pueblo,Colorado,GMC,Yukon XL 1500,2001,WBAUC73598V335150
701,Kenon,Hiner,khinerjg@hud.gov,Moreno Valley,California,Porsche,Cayenne,2012,WA1MYAFE9AD660044
702,Amil,Crowche,acrowchejh@cisco.com,Amarillo,Texas,Mercedes-Benz,600SEC,1993,WBAGN83564D806989
703,Jessalin,Melsom,jmelsomji@domainmarket.com,Santa Barbara,California,Geo,Prizm,1997,1C3BCBGG6CN805558
704,Clerc,Klug,cklugjj@tripadvisor.com,Greensboro,North Carolina,Mitsubishi,RVR,1992,WBACN33421L234961
705,Lucille,Storres,lstorresjk@technorati.com,Santa Monica,California,Mercury,Grand Marquis,1987,WBADS33482G806297
706,Felicia,Stump,fstumpjl@tmall.com,San Jose,California,Buick,Riviera,1986,JTHDU1EF7E5619647
707,Ogdan,Bengtsen,obengtsenjm@china.com.cn,Colorado Springs,Colorado,Mazda,Miata MX-5,2007,3VWKX7AJ2DM070104
708,Caroline,Larvin,clarvinjn@delicious.com,Schenectady,New York,Nissan,Murano,2005,SCFAD22313K187836
709,Barbi,Andren,,Schaumburg,Illinois,Volvo,S80,2007,1FTEW1CMXDF718129
710,Adiana,Behrend,abehrendjp@tiny.cc,San Antonio,Texas,Dodge,Ram 2500,2009,1FTMF1EW3AK869486
711,Tomkin,Fillery,tfilleryjq@mit.edu,Greensboro,North Carolina,Subaru,Outback,2009,1N6AD0CW1EN092154
712,Josselyn,Kleinerman,,Salt Lake City,Utah,Chevrolet,Corvette,2002,WVGAV7AX0CW764924
713,Raf,Ruddy,rruddyjs@hubpages.com,Chicago,Illinois,Lamborghini,Murciélago,2009,WAUUL58EX5A346030
714,Luke,Burland,lburlandjt@jalbum.net,Newark,New Jersey,Lexus,GX,2003,WBAEK73495B177078
715,Ainslee,Longden,alongdenju@is.gd,Cleveland,Ohio,Mitsubishi,Mighty Max,1996,JTHDU1EF1A5135838
716,Berenice,Paulig,bpauligjv@hostgator.com,San Jose,California,Eagle,Summit,1995,WA1BV74L57D609590
717,Eugenio,Danielsky,,Boulder,Colorado,Lotus,Elise,2009,TRURD38J291575837
718,Leslie,Makiver,lmakiverjx@netlog.com,Des Moines,Iowa,Nissan,Versa,2011,1GYS3GEF3BR792238
719,Maurie,Betz,mbetzjy@sun.com,Washington,District of Columbia,Chevrolet,SSR,2003,3D7JV1EP7BG990330
720,Owen,Hryniewicz,ohryniewiczjz@theatlantic.com,Phoenix,Arizona,Isuzu,Trooper,1998,WA1DKAFP7BA944407
721,Wakefield,Lye,wlyek0@vk.com,Murfreesboro,Tennessee,Lincoln,Continental Mark VII,1989,2G61W5S88F9144514
722,Larissa,Ellesworthe,lellesworthek1@ocn.ne.jp,San Francisco,California,Hyundai,Elantra,1995,3D4PG6FV6AT514832
723,Gianina,Guinan,gguinank2@google.it,Augusta,Georgia,BMW,6 Series,2009,1G6AZ5S32F0972080
724,Simona,Cabotto,,Whittier,California,Jaguar,S-Type,2008,WAUSH98E27A471168
725,Avril,Shoesmith,ashoesmithk4@xinhuanet.com,Marietta,Georgia,Buick,Roadmaster,1991,1G6AM5S31E0327241
726,Humfried,Kemmet,hkemmetk5@csmonitor.com,San Francisco,California,Ford,Probe,1996,WAUAKAFB1BN805439
727,Daile,Noller,,Columbus,Georgia,Mazda,MX-3,1995,WBA5B3C56ED956346
728,Wini,Stanyard,wstanyardk7@alexa.com,Washington,District of Columbia,Mazda,323,1993,1G6AM5S38E0946760
729,Monika,Cassells,mcassellsk8@slate.com,New York City,New York,Mercedes-Benz,CL-Class,2000,1N6AD0CU7BC506169
730,Maude,Bellamy,mbellamyk9@baidu.com,El Paso,Texas,Toyota,FJ Cruiser,2012,5LMJJ3H52AE207148
731,Blair,Reap,,Scranton,Pennsylvania,Chevrolet,1500,1997,WAULFAFR5EA962915
732,Diana,Jeacock,djeacockkb@vk.com,Tacoma,Washington,Pontiac,GTO,1967,1FTWX3B58AE982555
733,Peggy,Horsburgh,,Omaha,Nebraska,Audi,S5,2009,1G6KY54961U683830
734,John,Mossdale,jmossdalekd@berkeley.edu,Meridian,Mississippi,Aston Martin,Vanquish S,2005,WBA3V9C56FP070111
735,Flin,Brandin,fbrandinke@nifty.com,Wilmington,Delaware,Dodge,Dakota Club,1994,JTHFF2C28F2326979
736,Suzann,Natte,snattekf@va.gov,Sacramento,California,Spyker,C8 Spyder Wide Body,2004,1N6AD0CU0DN541546
737,Arluene,McAdam,amcadamkg@wikimedia.org,Miami,Florida,Saturn,S-Series,1998,1FTSW2A56AE083108
738,Carmina,Deny,cdenykh@mediafire.com,Dallas,Texas,Pontiac,GTO,1973,WBA3R5C58FK850413
739,Janis,Walasik,jwalasikki@lycos.com,Salt Lake City,Utah,Lincoln,Continental Mark VII,1985,WVGEP9BP2FD321504
740,Janie,Andrus,jandruskj@narod.ru,Jacksonville,Florida,Toyota,4Runner,2011,1GD322CG5EF193158
741,Gleda,Russo,grussokk@altervista.org,Bryan,Texas,Pontiac,GTO,1968,1FTMF1CW5AK973030
742,Leroi,Sokale,lsokalekl@blinklist.com,Rochester,New York,Buick,LeSabre,2003,WBAKB0C59AC229929
743,Shayne,Dalgarno,,Los Angeles,California,Mercedes-Benz,300SE,1993,1G6AB5RX3F0887021
744,Eduino,Sowerbutts,esowerbuttskn@columbia.edu,Philadelphia,Pennsylvania,Ford,Explorer,1999,3GYFNCEY0BS581839
745,Karoly,Littrick,klittrickko@i2i.jp,Laurel,Maryland,Kia,Amanti,2007,5YMGY0C51BL981561
746,Kirby,L'Amie,,Lincoln,Nebraska,Chevrolet,Suburban 1500,2001,3D7TT2CT5BG324118
747,Biddie,Whiteway,bwhitewaykq@guardian.co.uk,Sacramento,California,Dodge,Grand Caravan,1998,5FRYD4H47GB899861
748,Corry,Munton,cmuntonkr@berkeley.edu,New York City,New York,Mercedes-Benz,E-Class,1993,WA1VGAFP6FA522866
749,Jedediah,Tommasetti,jtommasettiks@google.de,Augusta,Georgia,GMC,Savana 3500,2008,1G6DK8EY0B0459883
750,Sandy,Berresford,sberresfordkt@si.edu,Miami,Florida,Lexus,ES,1998,KNAFK4A69E5320780
751,Sharia,Davidwitz,sdavidwitzku@meetup.com,Sparks,Nevada,Nissan,Cube,2009,JTDKN3DU2A0500882
752,Germayne,Ivakhnov,givakhnovkv@bandcamp.com,Meridian,Mississippi,Nissan,Altima,1997,JN1CV6EK3EM850879
753,Greggory,Gawthorp,ggawthorpkw@theglobeandmail.com,Greensboro,North Carolina,Chevrolet,Avalanche,2011,3D73M3CL6BG112413
754,Aube,Jirzik,ajirzikkx@dion.ne.jp,Washington,District of Columbia,Oldsmobile,Cutlass Cruiser,1994,WAUDL94F76N884202
755,Hobey,McIan,hmcianky@trellian.com,Little Rock,Arkansas,Audi,90,1990,1N6AA0CC8EN400161
756,Rodina,Cobon,rcobonkz@wikimedia.org,Des Moines,Iowa,Nissan,Xterra,2011,2T1KE4EE5BC619692
757,Dani,Mulqueen,dmulqueenl0@harvard.edu,Boise,Idaho,Mercury,Sable,1995,SAJWA4DC5CM538615
758,Curran,Stileman,cstilemanl1@virginia.edu,Pensacola,Florida,Ferrari,430 Scuderia,2009,TRUTC28N531839002
759,Claire,Douty,cdoutyl2@csmonitor.com,Saint Petersburg,Florida,Lincoln,Navigator,2006,WAUSVAFA7AN328176
760,Rafaelia,Greatbatch,rgreatbatchl3@ca.gov,Chicago,Illinois,Aston Martin,Virage,2012,JTDKN3DU4B0202738
761,Mervin,D' Angelo,mdangelol4@ebay.co.uk,Mobile,Alabama,Dodge,Journey,2012,3N6CM0KNXDK273050
762,Janna,Blesdill,jblesdilll5@jiathis.com,Alexandria,Virginia,Nissan,Versa,2008,4USFE43537L151069
763,Austen,Ubsdale,aubsdalel6@unicef.org,Albany,New York,Volkswagen,Beetle,1967,WAULD64B84N550472
764,Cordell,Kitchenside,ckitchensidel7@phpbb.com,Santa Rosa,California,Chevrolet,Aveo,2010,1GYS3PKJ4FR317552
765,Cthrine,Sunter,csunterl8@mashable.com,Arlington,Texas,Mazda,Mazdaspeed 3,2009,1FTSW3B58AE777741
766,Evie,McCaghan,emccaghanl9@qq.com,Austin,Texas,Honda,del Sol,1993,WBABS33472P809361
767,June,Ygoe,jygoela@si.edu,Atlanta,Georgia,Ford,F-Series,1996,JM1NC2MF8E0801984
768,Leticia,Van't Hoff,lvanthofflb@bbb.org,Largo,Florida,Nissan,Quest,2001,WA1AGAFE3CD349461
769,Kinna,Pydcock,kpydcocklc@sina.com.cn,Carol Stream,Illinois,Dodge,Ram 3500,1996,19XFB2E55DE949092
770,Wash,Danahar,wdanaharld@gravatar.com,Staten Island,New York,Scion,tC,2008,JN8CS1MU2FM931535
771,Christophe,Pady,cpadyle@chicagotribune.com,Dallas,Texas,Chevrolet,Impala,2011,5UXXW5C57F0318500
772,Panchito,Mincher,pmincherlf@indiegogo.com,Shawnee Mission,Kansas,Pontiac,Grand Prix,1966,WAUEFAFL6CN504505
773,Teodor,Cowpertwait,tcowpertwaitlg@nifty.com,Kalamazoo,Michigan,Audi,4000CS Quattro,1986,3VW517AT7FM726123
774,Nicolais,MacFaell,nmacfaelllh@issuu.com,Loretto,Minnesota,Geo,Tracker,1992,JN8AE2KP8D9807058
775,Barnebas,Jenicek,bjenicekli@tripadvisor.com,Reno,Nevada,Saturn,Aura,2007,ZHWGU6BZ1CL553638
776,Brandea,Kensy,,Wilmington,North Carolina,Mitsubishi,Lancer,2003,WVWAA7AH0AV332068
777,Hinze,Stallan,hstallanlk@bbc.co.uk,Colorado Springs,Colorado,Mercedes-Benz,E-Class,2009,2FMHK6CT0AB229972
778,Emlynne,Roxbrough,eroxbroughll@soup.io,Saint Louis,Missouri,Audi,5000S,1984,WAUVT68E43A282252
779,Delbert,Rimington,drimingtonlm@bbc.co.uk,Newport News,Virginia,Volkswagen,Eurovan,1995,WAUKF68E35A908399
780,Matty,Pilipyak,mpilipyakln@bloomberg.com,Cincinnati,Ohio,Saab,3-Sep,2009,4JGCB2FE8AA942553
781,Stacee,Cornew,,Portland,Oregon,Mitsubishi,Truck,1985,JH4DC54894S771992
782,Ethel,Snedden,esneddenlp@theglobeandmail.com,Grand Junction,Colorado,Plymouth,Prowler,2000,WBAEV53455K773896
783,Pernell,Jiles,pjileslq@businesswire.com,New York City,New York,BMW,X5 M,2010,WAULT68E45A699557
784,Staford,Lewton,slewtonlr@wired.com,Pittsburgh,Pennsylvania,Audi,5000S,1987,2C3CDXJG0FH180806
785,Muffin,Etheredge,metheredgels@ucoz.com,Denton,Texas,Honda,CR-V,2004,WP0AA2A89FK486225
786,Dewain,Davidavidovics,ddavidavidovicslt@exblog.jp,Carson City,Nevada,Acura,TL,2005,KL4CJASB2EB830953
787,Lynna,Newark,lnewarklu@multiply.com,San Antonio,Texas,BMW,Z4 M,2006,5UXFA13556L266351
788,Samantha,Bosket,sbosketlv@bloglovin.com,Saint Paul,Minnesota,Kia,Rio,2013,1N6AA0EC5FN815811
789,Karon,Coope,kcoopelw@ovh.net,Fort Worth,Texas,Mitsubishi,Galant,1997,WAUSH78E76A490592
790,Bennett,Hyndes,bhyndeslx@google.ru,Miami,Florida,Lincoln,MKS,2009,JN8AS5MTXBW203739
791,Maximilian,Poile,mpoilely@nbcnews.com,Evansville,Indiana,Suzuki,Esteem,2000,WAUFFBFL8DN305581
792,Carlynne,Doy,cdoylz@businessweek.com,Boston,Massachusetts,Mazda,Mazda2,2012,WAUKG58E55A709653
793,Bessy,Domican,bdomicanm0@princeton.edu,Sacramento,California,Nissan,Altima,1997,5TDDK3DC9FS775453
794,Helen-elizabeth,Blezard,hblezardm1@pbs.org,Lynchburg,Virginia,Maserati,Spyder,2002,WVGFG9BP0CD474866
795,Diahann,Cescot,dcescotm2@google.fr,Memphis,Tennessee,Volkswagen,riolet,1993,WAUAF48H88K661499
796,Kayne,Bate,kbatem3@craigslist.org,Phoenix,Arizona,Nissan,Murano,2006,YV1672MKXD2971444
797,Marijn,Dana,mdanam4@un.org,Biloxi,Mississippi,BMW,7 Series,2002,JHMZF1C65ES753383
798,Xenia,Leedes,xleedesm5@xing.com,Rockville,Maryland,Chevrolet,Corvair,1960,5N1AR1NB9BC175905
799,Cecil,Hovie,,Lansing,Michigan,Buick,Skyhawk,1984,WBA3T1C5XFP045316
800,Desdemona,Vaughn,,Topeka,Kansas,Ford,Five Hundred,2006,WVGAV3AX9EW273568
801,Carola,Snewin,,Camden,New Jersey,Ford,Taurus,1997,2T3BF4DV3CW652518
802,Bidget,Mattis,bmattism9@alexa.com,Denver,Colorado,GMC,Jimmy,1995,JTHBF5C21D5624348
803,Humphrey,Horder,hhorderma@si.edu,Birmingham,Alabama,Toyota,FJ Cruiser,2008,WA1YD54B82N313068
804,Marietta,Linny,,Laurel,Maryland,Honda,Civic,1980,3GYFNAE30FS291938
805,Luis,Spinney,lspinneymc@google.nl,Atlanta,Georgia,Suzuki,SJ,1991,JTHBL5EF5A5136878
806,Chan,Prendergast,cprendergastmd@berkeley.edu,Tampa,Florida,Jeep,Wrangler,2006,NM0AS8F79E1026774
807,Deva,Petruska,dpetruskame@yandex.ru,Alexandria,Virginia,Chevrolet,Express 1500,2005,1G6AF5S36E0052024
808,Alameda,Iliffe,ailiffemf@360.cn,Houston,Texas,Porsche,Boxster,1997,WAUKD98P77A000145
809,Cathie,Gorvin,cgorvinmg@nydailynews.com,Houston,Texas,Buick,Skyhawk,1985,YV126MFB9F2486256
810,Peta,Dyment,pdymentmh@china.com.cn,Norfolk,Virginia,Chevrolet,Suburban 2500,2012,WAUBNAFB9BN411246
811,Sander,Baynam,sbaynammi@ask.com,Baltimore,Maryland,Ford,E-Series,1996,1FMJK1G5XCE422637
812,Trumann,Szach,tszachmj@phoca.cz,Concord,California,Chevrolet,Astro,2001,WBA3B9C51DJ130157
813,Suzanna,Strelitzki,sstrelitzkimk@goodreads.com,Chattanooga,Tennessee,Mercury,Grand Marquis,2011,5UXWX9C56F0214452
814,Pamela,Cansfield,pcansfieldml@tuttocitta.it,Detroit,Michigan,BMW,M5,1992,WA1VMAFE3AD809435
815,Tyler,Dibdale,tdibdalemm@yahoo.com,Lawrenceville,Georgia,Chevrolet,Avalanche,2002,1G4GE5GD7BF915784
816,Neely,Morrall,nmorrallmn@baidu.com,El Paso,Texas,Lincoln,Navigator,2012,2G61P5S3XD9283185
817,Ambrosio,Folomkin,,Staten Island,New York,Nissan,Xterra,2003,WAUMV94E59N809875
818,Carmen,Dack,cdackmp@elegantthemes.com,El Paso,Texas,Lincoln,Town Car,1985,WBAEW53423P076974
819,Cal,Brittle,cbrittlemq@intel.com,Bradenton,Florida,Honda,Civic,1994,WA1VMAFE1BD359592
820,Isis,Herculson,iherculsonmr@xing.com,Los Angeles,California,Buick,Riviera,1993,5N1AN0NU9BC461311
821,Guendolen,Beniesh,gbenieshms@list-manage.com,Santa Barbara,California,Chevrolet,Corvette,1993,SCBLE47K19C156334
822,Hersch,Donnett,hdonnettmt@cisco.com,Charlotte,North Carolina,Honda,Civic,1980,WBA3B9C53FJ247905
823,Jacinta,Jaze,jjazemu@canalblog.com,New Orleans,Louisiana,Porsche,911,1995,5TDDCRFH4FS337321
824,Peggie,Rouzet,prouzetmv@blog.com,Tallahassee,Florida,Ford,Bronco II,1986,JH4CU26639C827526
825,Susanne,Chazotte,schazottemw@facebook.com,South Bend,Indiana,Chevrolet,Aveo,2009,WDDGF4HB6EG958767
826,Misti,Manhare,mmanharemx@hexun.com,El Paso,Texas,Kia,Amanti,2006,1GYS4DEF5BR931118
827,Roby,Wolverson,,Kansas City,Missouri,GMC,3500,1994,WBAWB33549P336894
828,Yevette,Pilley,ypilleymz@walmart.com,Sioux Falls,South Dakota,Ford,Bronco II,1985,WBA5A7C50FG662337
829,Nonah,Henden,nhendenn0@paypal.com,Hartford,Connecticut,Fiat,500,2012,1FTSW2B59AE617491
830,Milicent,Snufflebottom,msnufflebottomn1@mysql.com,Nashville,Tennessee,Volvo,C70,2004,3FADP4AJ1BM406063
831,Guillermo,Tudge,gtudgen2@symantec.com,Rochester,New York,Honda,Accord Crosstour,2010,WBAUN13548V783366
832,Keven,Rubenchik,,Chicago,Illinois,Porsche,Cayman,2011,JTHFE2C24E2411321
833,Alvis,Morby,,Van Nuys,California,Dodge,D350 Club,1993,WAULC58EX3A493506
834,Sumner,Pash,spashn5@stumbleupon.com,Hartford,Connecticut,Dodge,Ram Van 3500,1995,WBAYA8C54ED768440
835,Bertine,Diloway,bdilowayn6@indiegogo.com,Anderson,South Carolina,Ford,Laser,1985,WAUSF98E28A137326
836,Sukey,Milham,smilhamn7@apache.org,Columbia,South Carolina,Plymouth,Colt Vista,1992,1G6DD67V680931398
837,Susann,Cromleholme,scromleholmen8@prlog.org,Whittier,California,Pontiac,1000,1985,KMHTC6ADXFU976180
838,Krisha,Westnage,kwestnagen9@wired.com,Memphis,Tennessee,Chevrolet,Express 3500,2012,2V4RW3DG0BR350211
839,Annmarie,Sackes,asackesna@acquirethisname.com,Miami,Florida,Toyota,Yaris,2011,3D73M3HL2BG803768
840,Jojo,Gooden,jgoodennb@canalblog.com,Saint Louis,Missouri,Dodge,Journey,2010,WAUNF78P16A621262
841,Aloin,Topes,atopesnc@aboutads.info,Pueblo,Colorado,Rambler,Classic,1963,WAUJFAFH4DN501677
842,Melantha,Seary,msearynd@free.fr,Washington,District of Columbia,Buick,Regal,1991,SCFFDABM7DG078875
843,Iosep,Zettler,izettlerne@delicious.com,El Paso,Texas,Dodge,Intrepid,1999,2B3CJ7DW8AH491319
844,Risa,Treace,rtreacenf@liveinternet.ru,Saint Louis,Missouri,Hyundai,Tucson,2010,JN1CV6EK7DM677639
845,Shannon,Ciccotti,sciccotting@csmonitor.com,Corpus Christi,Texas,Subaru,Loyale,1990,1G6KD57Y19U465806
846,Norton,Sherburn,,Wichita Falls,Texas,GMC,Savana 3500,2011,1G4GL5E30CF877106
847,Andy,Richmond,arichmondni@geocities.jp,San Bernardino,California,Buick,Park Avenue,1998,JTEBU5JR2B5719372
848,Katrina,Keitch,kkeitchnj@theatlantic.com,Fort Myers,Florida,Porsche,Boxster,2008,1C4NJPBA2CD521333
849,Katuscha,Chritchlow,kchritchlownk@gnu.org,Miami,Florida,Lexus,GS,1995,4T1BK3DB4BU696076
850,Marcellina,Pyecroft,mpyecroftnl@forbes.com,Shawnee Mission,Kansas,Kia,Rio,2002,KMHFH4JG5FA480590
851,Alanna,Skullet,askulletnm@skype.com,Miami,Florida,Acura,MDX,2004,WAUHE78P09A450377
852,Sheffy,Stoddard,sstoddardnn@wordpress.org,Denton,Texas,Mitsubishi,GTO,1992,WBANU5C58AB955856
853,Elwira,Ketteridge,eketteridgeno@house.gov,San Diego,California,Mercedes-Benz,400E,1992,WVWAA7AJ6CW869706
854,Padgett,Loveredge,ploveredgenp@mapquest.com,Albuquerque,New Mexico,Cadillac,CTS-V,2006,JM1BL1K57B1735117
855,Weider,Tomek,wtomeknq@hud.gov,Gary,Indiana,Pontiac,Firefly,1984,WAUHF98P09A318051
856,Marsiella,McOmish,mmcomishnr@washingtonpost.com,Washington,District of Columbia,Toyota,Tacoma Xtra,1995,1C4NJPBA8CD440658
857,Morgana,Harse,mharsens@tinypic.com,Los Angeles,California,Chrysler,Crossfire Roadster,2006,KNADM5A38D6615990
858,Jessalin,Proudler,jproudlernt@ucsd.edu,Portland,Oregon,Toyota,Sienna,1999,1FTSW3B55AE623259
859,Rosalinde,Extal,rextalnu@va.gov,Phoenix,Arizona,Chevrolet,Suburban 1500,1997,WAUKH98EX6A457436
860,Ulick,Stimpson,,Des Moines,Iowa,Bentley,Continental Flying Spur,2010,1FTMF1EW5AF812845
861,Rickert,Luckman,rluckmannw@homestead.com,Honolulu,Hawaii,Toyota,4Runner,1998,5J8TB18297A981423
862,Hyacinthie,Bullene,hbullenenx@bravesites.com,Philadelphia,Pennsylvania,Chevrolet,Express,2012,1N4AA5AP8DC527370
863,Elnore,Woolbrook,,Charlotte,North Carolina,Hyundai,Accent,2005,5N1AN0NW5DN660137
864,Archibold,Dale,adalenz@who.int,Durham,North Carolina,Scion,tC,2007,JN1AV7AP5FM523447
865,Sergei,Ruddiman,sruddimano0@desdev.cn,Harrisburg,Pennsylvania,Jaguar,XK,2006,JM1NC2JF7B0275136
866,Franni,Shelton,fsheltono1@mozilla.com,Cedar Rapids,Iowa,Toyota,Highlander,2002,1FTSW3A50AE186658
867,Corine,Silverman,csilvermano2@prweb.com,Atlanta,Georgia,Mazda,CX-9,2012,YV4612HM5F1585877
868,Kirby,Shulem,kshulemo3@csmonitor.com,Gaithersburg,Maryland,Acura,NSX,1994,TRUVD38J091898993
869,Jordain,Lowrie,jlowrieo4@cpanel.net,Boston,Massachusetts,Ford,Festiva,1993,1G6DG5EG2A0225511
870,Antonetta,Guillotin,aguillotino5@census.gov,Los Angeles,California,Mazda,626,1985,WBAKG1C5XDJ641008
871,Reinaldo,Hawksley,rhawksleyo6@stanford.edu,Indianapolis,Indiana,GMC,Sierra,2009,WBA6A0C59ED480079
872,Rossie,Desvignes,rdesvigneso7@cam.ac.uk,Phoenix,Arizona,Chevrolet,Silverado 2500,2005,JA32U1FU4AU168620
873,Rachele,Parris,rparriso8@t.co,Washington,District of Columbia,Bentley,Continental GTC,2007,2G61T5S3XD9597933
874,Riobard,Malin,rmalino9@lycos.com,Bonita Springs,Florida,Toyota,Tacoma,2002,3VW4S7AT4EM777246
875,Bertie,McGaw,bmcgawoa@blinklist.com,New Orleans,Louisiana,Mercedes-Benz,C-Class,1994,3VW1K7AJ6CM315608
876,Vaughan,Bertl,vbertlob@tiny.cc,Hagerstown,Maryland,Eagle,Talon,1990,1GYS4FEJ8DR138625
877,Walsh,Regorz,wregorzoc@typepad.com,Escondido,California,Suzuki,Daewoo Lacetti,2004,YV426MDAXF2748511
878,Beitris,Sabattier,,Lansing,Michigan,Mazda,RX-8,2006,WP0AA2A84FK569447
879,Feliza,Charke,fcharkeoe@xing.com,Los Angeles,California,Chevrolet,Avalanche 1500,2006,WBAWL1C57AP327290
880,Isidor,Bullas,ibullasof@bloglovin.com,Los Angeles,California,Oldsmobile,Alero,2001,2C3CDXFG7EH554111
881,Marabel,Grimsley,mgrimsleyog@ameblo.jp,Las Cruces,New Mexico,Pontiac,Firebird,1987,WAUEFBFL9EN478457
882,Sophi,Trewhella,strewhellaoh@amazon.co.jp,Philadelphia,Pennsylvania,MINI,Cooper Clubman,2012,WDDGF5EB5BR344142
883,Orella,Readhead,oreadheadoi@feedburner.com,Houston,Texas,Chevrolet,Suburban 1500,2011,5LMJJ3H58DE093404
884,Earl,Birdis,ebirdisoj@lulu.com,Schaumburg,Illinois,Ford,Thunderbird,1985,1FTFW1E8XAK713469
885,Ailina,Bisco,abiscook@mail.ru,Richmond,Virginia,Oldsmobile,Cutlass Supreme,1994,1GD312CG2CF893042
886,Kellen,Whatham,kwhathamol@theguardian.com,Huntsville,Alabama,Oldsmobile,LSS,1999,5GAKVBKD0DJ258798
887,Damon,Primrose,dprimroseom@scientificamerican.com,Denver,Colorado,Chevrolet,3500,1999,WAUHF68P76A538488
888,Darwin,Rathe,,Pomona,California,GMC,Yukon XL 2500,2002,2T1KE4EE2BC413178
889,Maggy,Andrich,,Youngstown,Ohio,Suzuki,Samurai,1995,JN8AE2KP8C9570019
890,Francis,L'Episcopio,flepiscopioop@wikipedia.org,Washington,District of Columbia,BMW,7 Series,2000,WAUHGAFC8EN957893
891,Vyky,Budgen,vbudgenoq@yale.edu,Gainesville,Florida,Suzuki,Reno,2007,1G6DA5EG9A0082638
892,Moshe,Jakoubec,,Homestead,Florida,Dodge,Ram 2500,2006,WBAUC735X9V883689
893,Claudio,Cleator,ccleatoros@opera.com,El Paso,Texas,Mitsubishi,Mirage,2001,WBABS53412E704211
894,Ardene,Jolley,ajolleyot@umich.edu,Warren,Ohio,Oldsmobile,Cutlass Supreme,1993,WAUVT68E75A927978
895,Birk,Kurton,bkurtonou@yahoo.co.jp,Pasadena,California,Jaguar,XJ,2007,JN8AS5MT6AW747234
896,Elwira,Sommerscales,esommerscalesov@cyberchimps.com,Port Washington,New York,Dodge,Stratus,1997,5N1AA0NC5BN007547
897,Brunhilda,Gerardin,bgerardinow@live.com,Cincinnati,Ohio,Toyota,Prius,2004,WBA3T3C52F5096882
898,Erena,Betke,ebetkeox@yahoo.co.jp,Phoenix,Arizona,Pontiac,Grand Prix,1984,JN8AZ2KR9CT272376
899,Cyrille,Dunbobin,cdunbobinoy@sun.com,Amarillo,Texas,Chrysler,Fifth Ave,1992,1G4GC5GG0AF790464
900,Tiffani,Napoleone,tnapoleoneoz@businessweek.com,Dallas,Texas,Audi,80,1989,1G4HP52K234675447
901,Hendrik,McLarty,hmclartyp0@ustream.tv,Sacramento,California,Mercedes-Benz,CL-Class,2000,KNAGN4AD6F5388062
902,Cathryn,Furley,cfurleyp1@arstechnica.com,Seattle,Washington,Mazda,B-Series,1990,1C4RDJDG9EC610560
903,Cleavland,Tingle,ctinglep2@oracle.com,Oklahoma City,Oklahoma,Lexus,LS Hybrid,2011,3VWC17AU2FM079775
904,Bobbee,Vittore,bvittorep3@webs.com,Newton,Massachusetts,Volkswagen,Type 2,1989,WDDPK4HA6EF127875
905,Lisbeth,Crame,lcramep4@wikipedia.org,Richmond,Virginia,Pontiac,Grand Am,2001,KMHD35LH8FU181501
906,Carlin,Wrightham,cwrighthamp5@nydailynews.com,Ventura,California,GMC,Envoy,2008,KNAFZ6A31F5616097
907,Steve,Belloch,sbellochp6@sfgate.com,San Bernardino,California,Toyota,Corolla,2002,WBA3R5C51EF276308
908,Modesty,Andreasen,mandreasenp7@hubpages.com,Tulsa,Oklahoma,GMC,Savana 2500,2000,3VWML7AJ7CM965381
909,Lynnette,Mellodey,,Fort Wayne,Indiana,Mitsubishi,Tredia,1984,WBAYM1C50ED765713
910,Heriberto,Lapthorn,hlapthornp9@sakura.ne.jp,Amarillo,Texas,Buick,Reatta,1988,KNDJN2A28F7585458
911,Sholom,Stanyer,sstanyerpa@hugedomains.com,Indianapolis,Indiana,Volkswagen,Rabbit,2008,SCBDC4BL3AC448484
912,Winnah,Gonnin,wgonninpb@smugmug.com,Kansas City,Missouri,Subaru,Leone,1985,1GYS3HEF9CR975053
913,Lucia,MacCollom,lmaccollompc@gravatar.com,Orlando,Florida,BMW,Alpina B7,2008,5J8TB18557A630826
914,Erl,Skerman,eskermanpd@behance.net,Davenport,Iowa,GMC,Sierra,2010,1GYEC63877R979825
915,Malinda,Fuke,mfukepe@shutterfly.com,Columbus,Georgia,Audi,S8,2008,1G4HP54K01U225404
916,Vinnie,Simonelli,vsimonellipf@cornell.edu,Orange,California,Porsche,968,1993,JTDBT4K36B4249798
917,Kean,Common,kcommonpg@timesonline.co.uk,Columbus,Ohio,Mitsubishi,Eclipse,2005,WBA6B8C56FD086276
918,Karly,Wagerfield,kwagerfieldph@marriott.com,El Paso,Texas,Kia,Borrego,2009,2C3CCADGXEH194965
919,Derwin,Goudge,,Honolulu,Hawaii,Volvo,850,1993,5YMGZ0C57BL909227
920,Shalna,Tremmel,stremmelpj@tinypic.com,Washington,District of Columbia,Land Rover,Range Rover,2002,WBAYA8C55ED816513
921,Lennard,Cosans,lcosanspk@cyberchimps.com,Newton,Massachusetts,GMC,Savana 2500,2000,YV440MDB0F2830461
922,Bevon,Filshin,bfilshinpl@wikia.com,Wichita,Kansas,GMC,1500,1997,WAU4FBFL5CA226317
923,Yetty,Facey,yfaceypm@1688.com,Madison,Wisconsin,Dodge,Durango,1998,WVGEG9BPXCD800913
924,Lavina,Hull,lhullpn@usda.gov,Salt Lake City,Utah,Honda,CR-V,2004,1C3BC2FB0BN975127
925,Chip,Braniff,cbraniffpo@ustream.tv,Fresno,California,Bentley,Continental Flying Spur,2011,WBALM53599E761080
926,Matias,Spellesy,mspellesypp@macromedia.com,Eugene,Oregon,Saab,3-Sep,2003,1FADP3E26FL783816
927,Cobb,Pullan,cpullanpq@i2i.jp,Wilmington,Delaware,Ford,E250,2006,WBA3N3C55EF904094
928,Mauricio,Weymouth,mweymouthpr@adobe.com,Evansville,Indiana,Ford,Ranger,1991,JH4CL95988C535490
929,Dolph,Zielinski,dzielinskips@cloudflare.com,Yakima,Washington,Chevrolet,S10,1995,2B3CA7CW3AH738344
930,Monty,Deluca,mdelucapt@smugmug.com,Houston,Texas,Mazda,626,1993,WAUWMAFC5FN433618
931,Alfie,McCadden,amccaddenpu@bbc.co.uk,Monticello,Minnesota,Buick,LaCrosse,2009,4T1BK3DB0AU588293
932,Zaneta,Zorn,zzornpv@gov.uk,Phoenix,Arizona,Volkswagen,Touareg,2010,1GYS4HEF9DR576089
933,Lambert,Sweedland,lsweedlandpw@globo.com,Albuquerque,New Mexico,Chevrolet,Tracker,2002,3TMJU4GNXEM491926
934,Abagael,Waywell,awaywellpx@macromedia.com,Syracuse,New York,Pontiac,Grand Prix,1962,5GAKRBKD4DJ942130
935,Gunther,Aimable,gaimablepy@surveymonkey.com,Las Cruces,New Mexico,Lexus,ES,1999,WAUHFAFL6DA744837
936,Barth,Powton,,Kansas City,Missouri,Dodge,Durango,2012,WAUDT48H75K933669
937,Emelita,Bosquet,ebosquetq0@technorati.com,New Orleans,Louisiana,Subaru,Legacy,1996,JN8AF5MV1FT755210
938,Edwina,Hatley,ehatleyq1@tripod.com,Memphis,Tennessee,Chevrolet,LUV,1979,WBA5A5C53ED450083
939,Liuka,Cufflin,lcufflinq2@networkadvertising.org,Houston,Texas,Toyota,Prius,2002,5GADV231X7D600029
940,Lionel,Hymus,,Lexington,Kentucky,Acura,MDX,2007,1G6KS54Y41U103984
941,Robb,Kristufek,rkristufekq4@hp.com,Charlotte,North Carolina,Lincoln,LS,2003,3TMJU4GN9FM539949
942,Wesley,Shucksmith,wshucksmithq5@surveymonkey.com,Arlington,Virginia,Infiniti,Q,2000,5UXZV4C53D0197287
943,Trixie,Vidler,tvidlerq6@cnn.com,Wilmington,Delaware,Audi,90,1989,JN1AZ4EH9BM135265
944,Melissa,Tichelaar,mtichelaarq7@yellowbook.com,Dallas,Texas,Mazda,626,1996,1GD12ZCG5CF227516
945,Charline,Symondson,csymondsonq8@howstuffworks.com,Columbus,Ohio,Honda,Civic,1990,WAUBVBFB7BN663972
946,Lettie,Popland,lpoplandq9@spotify.com,Kansas City,Kansas,Subaru,Forester,1998,WAUKG94F26N580237
947,Skell,Issard,sissardqa@gravatar.com,New York City,New York,Ford,Aerostar,1992,WBAKF3C54BE778059
948,Cathrin,Garret,cgarretqb@narod.ru,Rockford,Illinois,Toyota,Echo,2002,WBAVM5C52FV629802
949,Giralda,Sabatier,gsabatierqc@slideshare.net,Bismarck,North Dakota,Audi,4000s,1986,5J6TF2H54FL866695
950,Frederic,Gauntlett,fgauntlettqd@eventbrite.com,Roanoke,Virginia,Nissan,240SX,1993,JH4CU2F64DC651756
951,Freddie,Merryfield,fmerryfieldqe@phpbb.com,New York City,New York,Lamborghini,Murciélago,2008,WBANU53599B271250
952,Almire,Bernasek,abernasekqf@shutterfly.com,Charleston,South Carolina,Dodge,Neon,1996,3D7TP2HT3AG614787
953,Abelard,Bynert,abynertqg@hhs.gov,Fredericksburg,Virginia,GMC,Sonoma,1997,5FRYD4H67GB268657
954,Toby,Spritt,tsprittqh@tripadvisor.com,Houston,Texas,Mazda,Protege,1996,WAUAF98E05A600376
955,Wit,Willshire,wwillshireqi@craigslist.org,Dallas,Texas,Ford,Econoline E350,1999,TRUSC28N941064278
956,Federica,Keasy,fkeasyqj@cdc.gov,Houston,Texas,Mitsubishi,Galant,2001,1GD21ZCG2DZ903962
957,Dacey,Godsil,dgodsilqk@ezinearticles.com,Springfield,Missouri,Toyota,Camry,2011,3N1AB7AP3FY474724
958,Mortimer,Martelet,mmarteletql@squarespace.com,Salt Lake City,Utah,Volvo,V70,2003,1G4GL5E37DF369099
959,Diane,Stoltz,dstoltzqm@nifty.com,Fort Worth,Texas,Porsche,968,1994,WAUDK78T68A768703
960,Brianne,Gooday,bgoodayqn@cargocollective.com,Dulles,Virginia,GMC,Sierra 1500,2005,5XYZG3AB9BG188356
961,Clayson,Beades,cbeadesqo@wikipedia.org,Pittsburgh,Pennsylvania,Ford,Explorer,2003,5N1AR2MM3FC803049
962,Althea,Geldeford,ageldefordqp@ehow.com,Louisville,Kentucky,Hyundai,Sonata,2008,2HNYB1H61DH525835
963,Sibelle,Baukham,sbaukhamqq@wikispaces.com,Saint Paul,Minnesota,Mercedes-Benz,CL-Class,2004,WBALZ5C52CD393730
964,Kelila,Gorbell,kgorbellqr@yelp.com,Indianapolis,Indiana,Dodge,Dynasty,1992,WBAAV53491F686293
965,Frants,Iliffe,filiffeqs@wunderground.com,Greensboro,North Carolina,Pontiac,Sunfire,1996,YV1672MS4B2199200
966,Barris,Fidell,bfidellqt@cnbc.com,Newport News,Virginia,Eagle,Talon,1993,WAUDG58EX5A135236
967,Darbie,Gayforth,dgayforthqu@bloomberg.com,Washington,District of Columbia,Porsche,944,1990,2C3CDZBT6FH407035
968,Blanca,Viles,bvilesqv@mediafire.com,Trenton,New Jersey,GMC,Sonoma Club Coupe,1994,JN8AZ1MU8CW279829
969,Dar,Spirit,dspiritqw@xing.com,Palmdale,California,Eagle,Summit,1993,WAULT64B24N171244
970,Herculie,Barraclough,hbarracloughqx@amazonaws.com,Jacksonville,Florida,Panoz,Esperante,2005,WAUHMBFCXEN331826
971,Dennis,Althrope,dalthropeqy@forbes.com,San Angelo,Texas,Toyota,Avalon,2003,1G6YV36A095688669
972,Mirelle,Seeks,mseeksqz@wp.com,Sacramento,California,BMW,X5 M,2012,JH4DC53875S509956
973,Isabelita,Orehead,,Harrisburg,Pennsylvania,Audi,80,1989,1G6DG5EY5B0807984
974,Arron,Downage,adownager1@fotki.com,Farmington,Michigan,GMC,3500 Club Coupe,1994,1FTEW1C85AK986642
975,Rock,Chazelle,rchazeller2@bloglovin.com,New York City,New York,Isuzu,Rodeo,1993,NM0GE9F73F1785252
976,Woodman,Gutch,wgutchr3@utexas.edu,Detroit,Michigan,Mercedes-Benz,CLK-Class,2001,SCBEC9ZA9EC823211
977,Petunia,Gogarty,pgogartyr4@xrea.com,Shreveport,Louisiana,Audi,RS 4,2008,JN1CV6FE4DM751138
978,Iggie,Polet,ipoletr5@patch.com,Atlanta,Georgia,Cadillac,Allante,1993,WBAPH7C50AE728264
979,Damiano,Flohard,dflohardr6@qq.com,Tucson,Arizona,Toyota,Prius,2010,5UMCN93402L177677
980,Donalt,Meegin,dmeeginr7@nasa.gov,Atlanta,Georgia,BMW,M3,2001,KMHTC6AD0DU035687
981,Marshall,Sacher,msacherr8@ted.com,Farmington,Michigan,Bentley,Continental,2006,KNDJN2A20E7803469
982,Woody,Shellshear,wshellshearr9@sitemeter.com,College Station,Texas,Mazda,Miata MX-5,2002,1G4HA5EMXBU673443
983,Brody,Strand,bstrandra@webmd.com,Stamford,Connecticut,Ford,Focus,2009,WBANA53545B886498
984,Gordie,Lescop,glescoprb@simplemachines.org,Miami,Florida,Volkswagen,Type 2,1987,3FAHP0JA6AR925606
985,Beverley,Tytler,btytlerrc@nifty.com,Allentown,Pennsylvania,Ford,E-Series,2002,WVGAV7AX7CW862445
986,Karil,Guise,kguiserd@istockphoto.com,Sarasota,Florida,Hyundai,Tiburon,2006,1GKS2FEJ7DR318050
987,Charity,Skilton,cskiltonre@europa.eu,Fort Myers,Florida,Chevrolet,Monte Carlo,1999,1GYS4BEF5BR224993
988,Lucretia,Burnham,lburnhamrf@state.tx.us,Brooklyn,New York,Honda,Passport,1996,2C3CCABG7DH937454
989,Fergus,Labba,flabbarg@geocities.com,Corpus Christi,Texas,Mercedes-Benz,S-Class,2002,5YMKW8C55F0723968
990,Stanleigh,Tamblyn,,Lincoln,Nebraska,Toyota,Echo,2002,1G6DJ8E39C0247119
991,Patrice,Leveritt,pleverittri@sourceforge.net,Houston,Texas,Pontiac,Vibe,2007,WDDGF4HB7ER832535
992,Elisha,Vittore,evittorerj@acquirethisname.com,Madison,Wisconsin,Suzuki,SJ,1994,WAUEL94F76N023252
993,Alyse,Poulson,apoulsonrk@oakley.com,Madison,Wisconsin,Jaguar,XF,2010,2FMDK3GC3BB748880
994,Rudolph,Lincoln,rlincolnrl@illinois.edu,Oakland,California,Nissan,Titan,2009,WAUMGBFL3CA392798
995,Augusta,Heynen,,San Diego,California,Ford,Mustang,2004,WA1VGBFPXEA538136
996,Ethelbert,Escott,eescottrn@harvard.edu,Detroit,Michigan,Chevrolet,Monte Carlo,1999,1N6AA0CC8DN240412
997,Yvon,Dugall,ydugallro@istockphoto.com,Palatine,Illinois,GMC,Sonoma,2000,WAUJC68E24A901432
998,Onfre,Life,oliferp@weather.com,Chicago,Illinois,Volkswagen,Jetta,1995,WAUDT48H05K333740
999,Vivianne,Grishukhin,vgrishukhinrq@wordpress.com,Worcester,Massachusetts,Kia,Rio,2007,WAUBFAFL6AA707045
1000,Lisha,Blackburne,lblackburnerr@skyrock.com,Detroit,Michigan,Audi,S4,2013,SCFAD22343K508879
